,accuracy mean,accuracy std,precision mean,precision std,recall mean,recall std,roc_auc mean,roc_auc std,f1 mean,f1 std,runtime mean,runtime std
XGBClassifier,0.9651785714285713,0.010069123033700873,0.4707407407407407,0.3277372832140327,0.25,0.1826245676379804,0.7941358024691358,0.11530093000530399,0.31232804232804234,0.2159089350061837,0.04179023636711968,0.03812292002540438
MedPFNClassifier,0.9649801587301587,0.008515386101690071,0.4731481481481481,0.33447800440154196,0.2361111111111111,0.16398156144070222,0.866795267489712,0.08018092382961302,0.2987566137566138,0.19457716630563274,1.2353423330518933,0.1979365590344931
MedPFNClassifier,0.7625992063492064,0.04236072707686377,0.11666135023563469,0.028114562452897833,0.8055555555555555,0.17710909697675425,0.8569958847736625,0.0838494933296365,0.20217746409280635,0.04696821347255994,1.2286227968004015,0.19847774814855923
RandomForestClassifier,0.9689484126984126,0.0055030008028107355,0.5083333333333333,0.424640989504768,0.17500000000000002,0.15367371184058362,0.8602880658436214,0.08457794838719548,0.2519312169312169,0.21117818404749822,0.26894048584832086,0.029227910167127256
LogisticRegression,0.9642857142857143,1.1102230246251565e-16,0.0,0.0,0.0,0.0,0.6673096707818931,0.12354250077944323,0.0,0.0,0.009300107426113553,0.0030757332273615634
TabPFNClassifier,0.9683531746031746,0.005530600729734977,0.48629629629629634,0.3521537720603283,0.20555555555555557,0.1668261428312066,0.8786522633744857,0.07763005377519988,0.2752910052910053,0.20291457451944803,0.7958007362153794,0.10535229492891006
