,accuracy mean,accuracy std,precision mean,precision std,recall mean,recall std,roc_auc mean,roc_auc std,f1 mean,f1 std,runtime mean,runtime std
XGBClassifier,0.8392857142857142,0.03033686645127396,0.7721573844127889,0.06396594420986011,0.6484848484848484,0.07300322017971078,0.8759877253548138,0.03466649162280708,0.702806747366767,0.05822542940276765,0.13077521324157715,0.18188078278688982
MedPFNClassifier,0.8486607142857143,0.02996087027104878,0.7883469348822038,0.06040174251023909,0.6696969696969698,0.07916408085241772,0.888818565400844,0.027224287869150487,0.7214728058011137,0.05854446065181158,1.20485463142395,0.24167691068863323
MedPFNClassifier,0.7549107142857143,0.044472021655132775,0.5595801561455975,0.05257298443828698,0.8333333333333333,0.07705109224811081,0.8472573839662447,0.03284945268876706,0.6678519888059287,0.051612202823518694,1.1825276255607604,0.18230649329544032
RandomForestClassifier,0.8575892857142857,0.031820352308139066,0.8488039275539276,0.07315370391162493,0.6303030303030304,0.07840084167859034,0.908601841196778,0.03141221241855864,0.7205464850705436,0.06602003401170607,0.45434858798980715,0.04948396984434317
LogisticRegression,0.702232142857143,0.006856168165893104,0.15000000000000002,0.3500000000000001,0.004545454545454545,0.010606060606060605,0.6770617568085922,0.04565453749444768,0.008823529411764706,0.020588235294117647,0.008258867263793945,0.0008963527333392366
TabPFNClassifier,0.860267857142857,0.027706836204630506,0.8121087395370414,0.06664019153745895,0.6893939393939394,0.057445180351601025,0.9088224012274646,0.02768772884808591,0.7437298489504587,0.04807802001369979,10.281666541099547,0.6189492576633971
