,accuracy mean,accuracy std,precision mean,precision std,recall mean,recall std,roc_auc mean,roc_auc std,f1 mean,f1 std,runtime mean,runtime std
XGBClassifier,0.8223214285714286,0.04418515368449507,0.7885143144831418,0.06813823043335633,0.7666666666666667,0.06610877680286006,0.8992371475953564,0.0312498893727295,0.7760034640493849,0.05704823871981478,0.05069787502288818,0.00765457768588907
MedPFNClassifier,0.8294642857142858,0.03625703661472671,0.8278258436867422,0.06336443323452148,0.7333333333333334,0.05533288710217212,0.9023217247097846,0.04045598423807309,0.7756300961231158,0.04529323287887756,1.179122543334961,0.20678468523693574
MedPFNClassifier,0.7821428571428573,0.05550096524257163,0.6914265220302321,0.053676786383536165,0.8244444444444445,0.09023973557443091,0.8415257048092869,0.06184235920405807,0.7514224365107866,0.06614668369972518,1.1990901708602906,0.19885116812790576
RandomForestClassifier,0.8428571428571429,0.03174355149041284,0.837760286271347,0.05930082596901519,0.76,0.04745368112013917,0.9229187396351575,0.02826328025334381,0.7954618141531672,0.03937938878087599,0.5223730564117431,0.08568562845436989
LogisticRegression,0.6508928571428572,0.019336078417596186,0.7030827067669173,0.06759881084612762,0.2311111111111111,0.051830683509736,0.7048092868988391,0.024520628966416807,0.3443149615607243,0.06117016302553814,0.008256769180297852,0.0035371273795789166
TabPFNClassifier,0.8571428571428573,0.03411602352596931,0.8270692760033256,0.051187287149891784,0.8177777777777777,0.0484831649539365,0.9324378109452734,0.019935320554976644,0.8214993811547975,0.04185913974904521,10.242293429374694,0.6722087849452595
