,accuracy mean,accuracy std,precision mean,precision std,recall mean,recall std,roc_auc mean,roc_auc std,f1 mean,f1 std,runtime mean,runtime std
XGBClassifier,0.9406249999999999,0.015736477328182223,0.526532738095238,0.27385546858397,0.29107142857142854,0.14909330579353305,0.8034863945578231,0.086760467973851,0.3620812520812521,0.18081080573996147,0.07987404763698579,0.06829466043052605
MedPFNClassifier,0.940625,0.016089374830679976,0.551969246031746,0.2149654993639665,0.3785714285714286,0.16024353788869328,0.8358503401360543,0.0868935568718001,0.4314457131920367,0.1598738261541255,1.2835106194019317,0.2615856854957496
MedPFNClassifier,0.7357142857142858,0.04081821384446374,0.16901914310827226,0.034583384480678485,0.7928571428571429,0.16099186300186916,0.839234693877551,0.08085807276915005,0.27714903937145224,0.05465272232107407,1.2468535006046297,0.20459457292970298
RandomForestClassifier,0.9492187499999999,0.009944919063720681,0.7533333333333333,0.2868130070296804,0.24821428571428567,0.14162153362726834,0.8444557823129251,0.08727319811921268,0.35289044289044286,0.1683687442587387,0.25960673689842223,0.02846371951251151
LogisticRegression,0.9375,0.0,0.0,0.0,0.0,0.0,0.6802551020408163,0.08276657665219342,0.0,0.0,0.0067998945713043215,0.001141851235078902
TabPFNClassifier,0.9473214285714285,0.00896954838385982,0.7154166666666667,0.2539278202656369,0.23749999999999993,0.13005052885058982,0.8556632653061225,0.07998925315233367,0.33665501165501166,0.1535240505706014,0.8172972708940506,0.10685789265715706
