,accuracy mean,accuracy std,precision mean,precision std,recall mean,recall std,roc_auc mean,roc_auc std,f1 mean,f1 std,runtime mean,runtime std
XGBClassifier,0.9541666666666667,0.011968244669913081,0.4646296296296296,0.3488299874369696,0.2222222222222222,0.16182173788295956,0.8038525441329178,0.10995969074298662,0.28298380631713965,0.19499888653893593,0.05109171602461074,0.048335594348494465
MedPFNClassifier,0.9608134920634921,0.013431089778090441,0.6025396825396825,0.3113963133702603,0.3644444444444444,0.2205547005608034,0.8589719626168224,0.07309972843214178,0.42124437291103956,0.2242674976955337,1.2571679141786365,0.21656622373821985
MedPFNClassifier,0.7617063492063492,0.04435764117390167,0.13652722321700944,0.026890551917257827,0.7777777777777777,0.17201503098774085,0.8564589823468327,0.07260427223450085,0.2304272941527189,0.04288584200784878,1.244317947493659,0.1934135415680799
RandomForestClassifier,0.9597222222222221,0.00831986588163994,0.5296296296296297,0.44380438792008226,0.1577777777777778,0.14474979563291204,0.8461578400830737,0.08070684211883919,0.23364197530864197,0.202865121652351,0.2688998407787747,0.028923327616277774
LogisticRegression,0.9553571428571429,0.0,0.0,0.0,0.0,0.0,0.6695223260643821,0.09815555731293663,0.0,0.0,0.008659548229641385,0.0026890913431534855
TabPFNClassifier,0.9614087301587302,0.010964477483974354,0.6240740740740741,0.40280109890061033,0.22888888888888895,0.16981191737211127,0.8701869158878506,0.07971571364659222,0.32111992945326284,0.22253168003016535,0.8176468425326876,0.10916865143362803
