,accuracy mean,accuracy std,precision mean,precision std,recall mean,recall std,roc_auc mean,roc_auc std,f1 mean,f1 std,runtime mean,runtime std
XGBClassifier,0.9817460317460319,0.004957117113302618,0.12222222222222223,0.21111111111111114,0.07222222222222223,0.12116805375503698,0.7759848484848484,0.1512942609142317,0.08888888888888889,0.1499629481362844,0.1411674976348877,0.16350400341543667
MedPFNClassifier,0.9822420634920636,0.0037959572950853615,0.12777777777777777,0.18333333333333335,0.07777777777777778,0.1111111111111111,0.8277777777777778,0.14286804156216504,0.09444444444444443,0.13458875066390022,1.2970435910754734,0.2328122782149742
MedPFNClassifier,0.7757936507936508,0.05103356996364575,0.05237724395014486,0.023402791532124004,0.661111111111111,0.2728455627271782,0.7796969696969698,0.16463235784844285,0.09651600648550522,0.04248604742695489,1.2516068591011895,0.20115119367299772
RandomForestClassifier,0.9824404761904764,0.0022817460317460423,0.07777777777777778,0.16666666666666669,0.03888888888888889,0.08333333333333334,0.810909090909091,0.14894641873338207,0.05185185185185185,0.1111111111111111,0.2892555660671658,0.04291517644167118
LogisticRegression,0.9821428571428571,0.0,0.0,0.0,0.0,0.0,0.6256565656565657,0.15349405363507312,0.0,0.0,0.009072966045803495,0.0030123148710375137
TabPFNClassifier,0.9822420634920636,0.0033088199711532673,0.1222222222222222,0.21941918983186132,0.0611111111111111,0.10970959491593066,0.8284217171717172,0.15551631137981559,0.08148148148148149,0.14627945988790753,0.7896416929033065,0.08218466645871196
