,accuracy mean,accuracy std,precision mean,precision std,recall mean,recall std,roc_auc mean,roc_auc std,f1 mean,f1 std,runtime mean,runtime std
XGBClassifier,0.9092261904761906,0.016015458650797378,0.49776695526695525,0.1558194296264418,0.32499999999999996,0.10552042545842834,0.8113725490196079,0.06917805973485792,0.3857498352467393,0.1169701607820952,0.0703192392985026,0.0565760945820519
MedPFNClassifier,0.9153273809523811,0.024755479011104402,0.554397408147408,0.16075664934327172,0.52,0.13853082197462743,0.86281045751634,0.06581013373363472,0.5242695193672782,0.12493441746488437,1.226073165734609,0.19599412242110495
MedPFNClassifier,0.7394345238095239,0.05147277728041579,0.24162604393585663,0.04211898729351648,0.8633333333333333,0.1180059413211854,0.8735130718954247,0.054065325720941075,0.3756812748388853,0.05705643083178805,1.2096336642901104,0.19001420631457241
RandomForestClassifier,0.9288690476190476,0.015211176273942301,0.7306349206349206,0.2588444529452872,0.2833333333333334,0.14337300670919073,0.8707271241830066,0.04479134854856067,0.3950133281750929,0.18074696740556254,0.29554095665613805,0.02806695748824688
LogisticRegression,0.9107142857142857,1.1102230246251565e-16,0.0,0.0,0.0,0.0,0.6887091503267975,0.07441283391731776,0.0,0.0,0.00752490758895874,0.0024973133832654777
TabPFNClassifier,0.9287202380952381,0.015686408135553626,0.721878306878307,0.2346994308256156,0.30666666666666664,0.14821511701733722,0.878545751633987,0.057835248166088184,0.41574072255573796,0.17201951147562167,10.116433934370676,0.6134780960185493
