,accuracy mean,accuracy std,precision mean,precision std,recall mean,recall std,roc_auc mean,roc_auc std,f1 mean,f1 std,runtime mean,runtime std
XGBClassifier,0.8921875000000001,0.02155138877998832,0.6563240231990233,0.09399104524328815,0.5046875,0.11960335003961692,0.8444498697916667,0.05546262739889541,0.5645093436532355,0.10560653484759921,0.03903953433036804,0.02094002058566001
MedPFNClassifier,0.8993303571428573,0.02068333778918295,0.6667387050513987,0.09440655787846981,0.609375,0.12910937885934004,0.8941406249999999,0.03565286715676513,0.6261176113957799,0.09331595958937891,1.2000936627388001,0.18807907416286818
MedPFNClassifier,0.7571428571428571,0.0359425246501966,0.35639611106316144,0.04484927423536172,0.840625,0.09156139191711483,0.87412109375,0.04620671686907355,0.4988882862669496,0.05164572784432704,1.1816707611083985,0.1827203849264301
RandomForestClassifier,0.9024553571428572,0.019260009279766736,0.8019496475746476,0.136181144152956,0.425,0.08582946771705523,0.8976318359375001,0.0339474097542607,0.5513180174953038,0.09531399783622356,0.36505416631698606,0.04245231466959453
LogisticRegression,0.8571428571428571,0.0,0.0,0.0,0.0,0.0,0.6781575520833334,0.0788747961139834,0.0,0.0,0.007598066329956054,0.001066441603640188
TabPFNClassifier,0.9051339285714285,0.019569941478214246,0.7829292929292929,0.111414531155668,0.475,0.11103150811190987,0.9026204427083333,0.0363791354546239,0.5831296969578151,0.0996900049329025,10.413335341215133,0.6171791905304486
