,accuracy mean,accuracy std,precision mean,precision std,recall mean,recall std,roc_auc mean,roc_auc std,f1 mean,f1 std,runtime mean,runtime std
XGBClassifier,0.8651785714285714,0.025965996864867624,0.7040475483122544,0.09408951541334404,0.5424242424242425,0.0994459072296709,0.8596548821548821,0.03684847488581391,0.6076617930767915,0.08800862467199587,0.03204592068990072,0.0032798515349907846
MedPFNClassifier,0.8779761904761904,0.029350012364932242,0.7089809166992502,0.08214783555632589,0.6606060606060605,0.1014823390070841,0.8927441077441077,0.04614448067273006,0.678072368105331,0.08188535366071957,1.1901615222295125,0.17656601066872932
MedPFNClassifier,0.763095238095238,0.03793725130398055,0.44879159824827547,0.047867046820334914,0.8515151515151516,0.06373638563101337,0.8724074074074074,0.04274948106670886,0.58676738388639,0.053795778803722806,1.1819565296173096,0.2016726970866084
RandomForestClassifier,0.8910714285714286,0.0250489325357532,0.849888265329442,0.08351880563451668,0.5409090909090909,0.1114363565927096,0.9086784511784511,0.04196165461992162,0.6552451784572528,0.09894439220940154,0.39258672396341954,0.0471185470832979
LogisticRegression,0.8041666666666667,0.0011904761904761862,0.06666666666666667,0.13333333333333336,0.0030303030303030303,0.006060606060606061,0.6985521885521887,0.05427446484862756,0.005797101449275362,0.011594202898550725,0.01255655288696289,0.002717966133305034
TabPFNClassifier,0.8925595238095237,0.027145046979665386,0.799448911941172,0.08735405240011444,0.6060606060606061,0.1103931149635282,0.9126936026936027,0.042326556478363954,0.6842502500352458,0.09747229957202552,10.225132727622986,0.5939709970707079
