,accuracy mean,accuracy std,precision mean,precision std,recall mean,recall std,roc_auc mean,roc_auc std,f1 mean,f1 std,runtime mean,runtime std
XGBClassifier,0.9120535714285714,0.019394501824734938,0.5898685573685574,0.16860853382315666,0.39393939393939387,0.12080816484048797,0.8317131713171316,0.06799587147191614,0.4570255618707631,0.11810837564192196,0.026502323150634766,0.0075753304830320336
MedPFNClassifier,0.9148809523809524,0.023856618903308275,0.5850073292720351,0.14770671548524314,0.5621212121212121,0.12465498922605785,0.8820132013201318,0.05886074739450689,0.5630827319868578,0.11754290333041494,1.2209912538528442,0.20002326561075434
MedPFNClassifier,0.7613095238095239,0.03737558504136001,0.275349223866908,0.0446136331494442,0.8439393939393939,0.11948025806614564,0.8722022202220222,0.05816123569116997,0.41327456036123705,0.060302451305319166,1.208308259646098,0.19439297571859923
RandomForestClassifier,0.9279761904761905,0.013401577157702932,0.8590873015873015,0.14645628971470478,0.3348484848484849,0.11569223796304573,0.8893039303930393,0.04934811269487291,0.46403333150624176,0.1335291513969196,0.3207884232203166,0.02813499425966289
LogisticRegression,0.9017857142857143,1.1102230246251565e-16,0.0,0.0,0.0,0.0,0.6805130513051306,0.05731587245191317,0.0,0.0,0.008342452843983968,0.0013717442265435656
TabPFNClassifier,0.9273809523809523,0.01546408404342107,0.7939556277056278,0.16267527511470523,0.37575757575757573,0.117796194023526,0.8953345334533452,0.04554090596332804,0.4945961477463025,0.13245044983017992,10.290222322940826,0.6201896434989868
