,accuracy mean,accuracy std,precision mean,precision std,recall mean,recall std,roc_auc mean,roc_auc std,f1 mean,f1 std,runtime mean,runtime std
XGBClassifier,0.9907738095238096,0.001829712227839041,0.05555555555555555,0.05555555555555555,0.05555555555555555,0.05555555555555555,0.7466966966966966,0.21481188997673822,0.05555555555555555,0.05555555555555555,0.12617218229505753,0.16321757526619216
MedPFNClassifier,0.991170634920635,0.0006944444444444457,0.022222222222222223,0.04444444444444445,0.022222222222222223,0.04444444444444445,0.8582582582582581,0.15271810854734538,0.022222222222222223,0.04444444444444445,1.2510219388537935,0.1891121485440333
MedPFNClassifier,0.8024801587301588,0.05502500610906226,0.031787084685954,0.022124026426213732,0.6,0.42532793501838784,0.8284284284284285,0.14965903123553187,0.05962860439367206,0.04135450645947053,1.2527206050025093,0.2136042854743503
RandomForestClassifier,0.9913690476190476,0.0007836289172188853,0.044444444444444446,0.05443310539518173,0.044444444444444446,0.05443310539518173,0.7717717717717718,0.22488292352951347,0.044444444444444446,0.05443310539518173,0.26724272039201524,0.026203755513310535
LogisticRegression,0.9910714285714286,0.0,0.0,0.0,0.0,0.0,0.6142142142142143,0.2101418791256104,0.0,0.0,0.0075893402099609375,0.0021640862100864586
TabPFNClassifier,0.9913690476190476,0.001091269841269841,0.05555555555555555,0.08888888888888889,0.06666666666666668,0.09887754983962618,0.8624624624624624,0.15646210860749402,0.05925925925925926,0.09129300237286489,0.7861015717188518,0.09700234339987074
