,accuracy mean,accuracy std,precision mean,precision std,recall mean,recall std,roc_auc mean,roc_auc std,f1 mean,f1 std,runtime mean,runtime std
XGBClassifier,0.9717261904761906,0.007489685508236831,0.2555555555555556,0.2642766751457932,0.14074074074074072,0.1568201981970747,0.781379544682297,0.12050422908399867,0.17492063492063492,0.1853385373718202,0.028585251172383627,0.02056856344852857
MedPFNClassifier,0.9730158730158729,0.006593400495231046,0.2759259259259259,0.28567185159602665,0.14074074074074072,0.15173754735377692,0.8441726129799524,0.10467251828324921,0.17894179894179893,0.1881501836571769,1.2761716498268976,0.22533529382475714
MedPFNClassifier,0.8050595238095238,0.046595966288159645,0.09512802126613522,0.039474032187363464,0.6740740740740742,0.21594770098490093,0.8169554875976895,0.10291427410766657,0.16474813882150033,0.06372374849585156,1.2660199509726628,0.2009654762385861
RandomForestClassifier,0.9742063492063493,0.004088794487152212,0.17777777777777778,0.27665532761740397,0.07037037037037036,0.10598806434313963,0.8187903499830106,0.11234022181584025,0.0988888888888889,0.15005297233010462,0.27933820353613953,0.02452495571464701
LogisticRegression,0.9732142857142857,1.1102230246251565e-16,0.0,0.0,0.0,0.0,0.6431872239211689,0.1332901424039968,0.0,0.0,0.009179735183715822,0.0033057905134494937
TabPFNClassifier,0.9745039682539685,0.004966530301259536,0.25555555555555554,0.37517436660216064,0.1074074074074074,0.15574065123130676,0.8522341148487939,0.09815106311517408,0.14777777777777776,0.21262989006066538,0.8421330213546753,0.132495765795423
