,accuracy mean,accuracy std,precision mean,precision std,recall mean,recall std,roc_auc mean,roc_auc std,f1 mean,f1 std,runtime mean,runtime std
XGBClassifier,0.9440178571428571,0.01284967285758134,0.4341904761904762,0.2891520841587781,0.21999999999999997,0.16068446363607103,0.7915880503144654,0.0915059883056223,0.27471545121545116,0.18118251710886507,0.039026920795440664,0.03258817158094772
MedPFNClassifier,0.9474107142857143,0.01462872085909098,0.5290238095238095,0.22236520035003768,0.3833333333333333,0.1524788667355653,0.8602830188679247,0.06770989922554888,0.42848778998779,0.15685038907123788,1.2450943493843079,0.19226521080586328
MedPFNClassifier,0.7505357142857143,0.04995488857362286,0.16202054758835147,0.03932950099541032,0.8283333333333334,0.14128825080646626,0.863066037735849,0.06314163375265086,0.26950661774295076,0.059647242121713295,1.2384930157661436,0.19395399785274822
RandomForestClassifier,0.9519642857142857,0.00833109484795112,0.5834999999999998,0.37239399443574117,0.1816666666666667,0.12051831416806699,0.8410534591194969,0.07397725993283018,0.2657402597402597,0.16620296704450194,0.255077440738678,0.023255691112832235
LogisticRegression,0.9464285714285714,0.0,0.0,0.0,0.0,0.0,0.6929088050314465,0.08971087994642683,0.0,0.0,0.009702372550964355,0.002558174217734392
TabPFNClassifier,0.9513392857142857,0.011727293709517587,0.5698809523809524,0.35797210810901076,0.22833333333333336,0.14338894582313172,0.8766981132075472,0.0619241667767881,0.3090614940614941,0.18623409331840596,0.8044943499565125,0.11028554814996161
