,accuracy mean,accuracy std,precision mean,precision std,recall mean,recall std,roc_auc mean,roc_auc std,f1 mean,f1 std,runtime mean,runtime std
XGBClassifier,0.7973214285714285,0.019984847576428034,0.7985794629272508,0.017636186797444237,0.7964285714285714,0.05248906591678238,0.8799266581632652,0.01721664902870833,0.7963419423908753,0.025913379871258656,0.20670971870422364,0.18554968276091016
MedPFNClassifier,0.8089285714285713,0.04036662341234756,0.8105846512874038,0.04326009687097411,0.8089285714285716,0.05649747149841563,0.8962053571428571,0.02265837612458549,0.808569820874274,0.040760801566500054,1.2065366506576538,0.18998817129796108
MedPFNClassifier,0.7687499999999999,0.042717406121091754,0.7858984319787173,0.041685256649092825,0.7410714285714286,0.07995933277585036,0.8340242346938777,0.03337453858345582,0.7604820746188955,0.04994839362248645,1.2439207315444947,0.20861529732222114
RandomForestClassifier,0.85,0.029558830995083663,0.8598439680407084,0.01486683001786905,0.8357142857142857,0.055212945834786795,0.9204878826530611,0.020791947284016826,0.8469687747327106,0.033847092684460116,0.38728420734405516,0.014790771297600758
LogisticRegression,0.6705357142857143,0.021669037677699274,0.6796415250659346,0.030826830691272362,0.6517857142857142,0.0625,0.7254464285714285,0.03565102359894658,0.6629805257944955,0.0307649655677412,0.009455561637878418,0.005693016029043501
TabPFNClassifier,0.8392857142857144,0.03503824441133678,0.8317274118108786,0.025893810714957055,0.85,0.0554434810580715,0.9208227040816326,0.02073442274354961,0.8402807092906395,0.0379809254379653,10.590678143501282,0.9709594973044435
