,accuracy mean,accuracy std,precision mean,precision std,recall mean,recall std,roc_auc mean,roc_auc std,f1 mean,f1 std,runtime mean,runtime std
XGBClassifier,0.9315051020408164,0.012443912579648211,0.5327272727272728,0.2164880702191024,0.33035714285714285,0.1426907980211923,0.8147664835164835,0.07661240279556114,0.38722727049352434,0.1395466596380204,0.020618125370570593,0.0031530616191250455
MedPFNClassifier,0.9332908163265305,0.015495477991649936,0.5697823208537495,0.14586468724413168,0.48571428571428577,0.1389099097370917,0.8555631868131867,0.06730862589895308,0.500809728013399,0.10809789824136469,1.27502247606005,0.2009637796616259
MedPFNClassifier,0.7554846938775511,0.032673384258782336,0.20419054713117574,0.03075554096100654,0.8089285714285713,0.13276434228861492,0.8604052197802198,0.04742231842467178,0.324264878004156,0.045825540041082406,1.2767681666782924,0.22059536495100135
RandomForestClassifier,0.9457908163265305,0.010834628568955286,0.837687074829932,0.22182326989213208,0.3,0.1348068655800557,0.863650412087912,0.06504587594704987,0.42218479932765646,0.15529416937064058,0.2980634791510446,0.035030477878214554
LogisticRegression,0.9285714285714287,0.0,0.0,0.0,0.0,0.0,0.6663804945054945,0.07091929040943931,0.0,0.0,0.013329086984906879,0.003695928829153351
TabPFNClassifier,0.9440051020408163,0.012520159499588377,0.8125510204081632,0.21513167299730118,0.29642857142857143,0.13778006606400664,0.8762534340659339,0.054858035295393445,0.4118559218559219,0.1581357588133669,9.812545319965908,0.6998100287435679
