,accuracy mean,accuracy std,precision mean,precision std,recall mean,recall std,roc_auc mean,roc_auc std,f1 mean,f1 std,runtime mean,runtime std
XGBClassifier,0.9907738095238096,0.001829712227839041,0.05555555555555555,0.05555555555555555,0.05555555555555555,0.05555555555555555,0.7466966966966966,0.21481188997673822,0.05555555555555555,0.05555555555555555,0.03779971069759793,0.0276926525107237
MedPFNClassifier,0.991170634920635,0.0006944444444444457,0.022222222222222223,0.04444444444444445,0.022222222222222223,0.04444444444444445,0.8629629629629628,0.14986443620424283,0.022222222222222223,0.04444444444444445,1.7996822251213922,0.22751423727687847
MedPFNClassifier,0.8326388888888889,0.05596973845160427,0.044063488193456714,0.0380055649379515,0.6222222222222222,0.4275728353391355,0.8463463463463463,0.14847454119553238,0.08027875929537054,0.06778786883024086,1.7851229217317366,0.22886229160397495
RandomForestClassifier,0.9916666666666667,0.00048600986959983526,0.06666666666666667,0.05443310539518174,0.06666666666666667,0.05443310539518174,0.7646146146146146,0.23198476629191234,0.06666666666666667,0.05443310539518174,0.2641286161210802,0.031322508513218945
LogisticRegression,0.9910714285714286,0.0,0.0,0.0,0.0,0.0,0.6142142142142143,0.2101418791256104,0.0,0.0,0.008966093593173555,0.0018264843761520706
TabPFNClassifier,0.9913690476190476,0.001091269841269841,0.05555555555555555,0.08888888888888889,0.06666666666666668,0.09887754983962618,0.8624624624624624,0.15646210860749402,0.05925925925925926,0.09129300237286489,0.756174397468567,0.08080560809617729
