,accuracy mean,accuracy std,precision mean,precision std,recall mean,recall std,roc_auc mean,roc_auc std,f1 mean,f1 std,runtime mean,runtime std
XGBClassifier,0.9092261904761906,0.016015458650797378,0.49776695526695525,0.1558194296264418,0.32499999999999996,0.10552042545842834,0.8113725490196079,0.06917805973485792,0.3857498352467393,0.1169701607820952,0.04566272099812826,0.04117934105519544
MedPFNClassifier,0.919047619047619,0.023637360414081907,0.5744800107300106,0.14903870302497504,0.5333333333333333,0.1318955458425934,0.8722712418300653,0.06410627894546493,0.5410536938358651,0.11477143676875355,1.7749391555786131,0.21411931032377962
MedPFNClassifier,0.7069940476190477,0.048331871860356763,0.22530178463301662,0.03457388095729665,0.9033333333333333,0.09182097647625341,0.8807352941176471,0.052618351978442356,0.3594492132032599,0.04840771769562274,1.7739985148111976,0.21163649190171321
RandomForestClassifier,0.9290178571428571,0.015597988435337924,0.7623015873015873,0.24952628240242467,0.28833333333333333,0.13504186300640986,0.8710212418300655,0.04707118235012914,0.40383950200126667,0.16788642827236192,0.32301748991012574,0.0240377732058798
LogisticRegression,0.9107142857142857,1.1102230246251565e-16,0.0,0.0,0.0,0.0,0.6887091503267975,0.07441283391731776,0.0,0.0,0.007499889532725016,0.001008224074450945
TabPFNClassifier,0.9287202380952381,0.015686408135553626,0.721878306878307,0.2346994308256156,0.30666666666666664,0.14821511701733722,0.8785294117647059,0.05783290833727159,0.41574072255573796,0.17201951147562167,0.7542034149169922,0.0746059957376524
