,accuracy mean,accuracy std,precision mean,precision std,recall mean,recall std,roc_auc mean,roc_auc std,f1 mean,f1 std,runtime mean,runtime std
XGBClassifier,0.8921875000000001,0.02155138877998832,0.6563240231990233,0.09399104524328815,0.5046875,0.11960335003961692,0.8444498697916667,0.05546262739889541,0.5645093436532355,0.10560653484759921,0.06207331418991088,0.02838887421714208
MedPFNClassifier,0.9042410714285714,0.02199737954740524,0.791085372960373,0.12308301415444958,0.4578125,0.11662312473320488,0.899072265625,0.03540583338960403,0.571513337722858,0.11223776482398305,0.7107611477375031,0.08877934061834732
MedPFNClassifier,0.8433035714285715,0.02606296703634711,0.47152122187574474,0.060175040891694134,0.7093750000000001,0.1052586587615077,0.87001953125,0.0434115928730019,0.5636983017354521,0.06631609510130414,0.6986970245838164,0.0818325916896182
RandomForestClassifier,0.9002232142857142,0.02006602174799747,0.7885098928848929,0.13931141879057007,0.4140625,0.09086403072175692,0.8931233723958332,0.0326161488669987,0.5382272716871668,0.10148542863218463,0.39131577014923097,0.04469864212332904
LogisticRegression,0.8571428571428571,0.0,0.0,0.0,0.0,0.0,0.6781575520833334,0.0788747961139834,0.0,0.0,0.010506975650787355,0.0010438093042033343
TabPFNClassifier,0.9051339285714285,0.019569941478214246,0.7829292929292929,0.111414531155668,0.475,0.11103150811190987,0.9026204427083333,0.0363791354546239,0.5831296969578151,0.0996900049329025,0.7206963658332823,0.07653687710790799
