,accuracy mean,accuracy std,precision mean,precision std,recall mean,recall std,roc_auc mean,roc_auc std,f1 mean,f1 std,runtime mean,runtime std
XGBClassifier,0.9817460317460319,0.004957117113302618,0.12222222222222223,0.21111111111111114,0.07222222222222223,0.12116805375503698,0.7759848484848484,0.1512942609142317,0.08888888888888889,0.1499629481362844,0.04188599586486816,0.04617150911093823
MedPFNClassifier,0.9824404761904761,0.002518369524517322,0.09444444444444446,0.1781236541572142,0.049999999999999996,0.09212542052753246,0.8233838383838383,0.16075444855530668,0.06481481481481481,0.12037037037037036,2.8498813947041826,0.26288744777047796
MedPFNClassifier,0.9456349206349207,0.019669220472011875,0.16436548019881353,0.13631007599831657,0.43333333333333335,0.2814161057283165,0.8134848484848485,0.15957413813075952,0.22546568536764613,0.16296720977116214,2.8481040080388382,0.2498791985624644
RandomForestClassifier,0.9824404761904761,0.002083333333333343,0.06666666666666667,0.15555555555555556,0.03333333333333333,0.07777777777777778,0.8146717171717172,0.14252667640655958,0.04444444444444444,0.10370370370370369,0.28297963937123616,0.03012286749513761
LogisticRegression,0.9821428571428571,0.0,0.0,0.0,0.0,0.0,0.6256565656565657,0.15349405363507312,0.0,0.0,0.007773428493075902,0.002952071848851483
TabPFNClassifier,0.9822420634920636,0.0033088199711532673,0.1222222222222222,0.21941918983186132,0.0611111111111111,0.10970959491593066,0.8284217171717172,0.15551631137981559,0.08148148148148149,0.14627945988790753,0.7747586806615193,0.0952559468207698
