,accuracy mean,accuracy std,precision mean,precision std,recall mean,recall std,roc_auc mean,roc_auc std,f1 mean,f1 std,runtime mean,runtime std
XGBClassifier,0.7973214285714285,0.019984847576428034,0.7985794629272508,0.017636186797444237,0.7964285714285714,0.05248906591678238,0.8799266581632652,0.01721664902870833,0.7963419423908753,0.025913379871258656,0.052708768844604494,0.011655511831066171
MedPFNClassifier,0.8107142857142857,0.03335989587905251,0.7862125163339295,0.03611044569049462,0.8553571428571429,0.042595930149559154,0.8917410714285715,0.024229763361228455,0.8187485707853275,0.03230904608179263,2.9197597026824953,0.2904289758060753
MedPFNClassifier,0.7839285714285714,0.032878486856289246,0.7713031004206079,0.026113332125501865,0.8071428571428572,0.05911766199016731,0.8637117346938776,0.023912924995292538,0.7879918853017515,0.03702963296081545,2.806941843032837,0.25248552103033345
RandomForestClassifier,0.8428571428571429,0.029396567202061283,0.8463359679822361,0.016132146221779584,0.8375,0.057282196186947985,0.9203364158163266,0.023027619591007926,0.8411019208005884,0.03366783557342725,0.3906716346740723,0.01037070737769586
LogisticRegression,0.6705357142857143,0.021669037677699274,0.6796415250659346,0.030826830691272362,0.6517857142857142,0.0625,0.7254464285714285,0.03565102359894658,0.6629805257944955,0.0307649655677412,0.007566714286804199,0.002097062638622844
TabPFNClassifier,0.8392857142857144,0.03503824441133678,0.8317274118108786,0.025893810714957055,0.85,0.0554434810580715,0.9208864795918366,0.020773324501433033,0.8402807092906395,0.0379809254379653,0.7882586002349854,0.129148299238975
