,accuracy mean,accuracy std,precision mean,precision std,recall mean,recall std,roc_auc mean,roc_auc std,f1 mean,f1 std,runtime mean,runtime std
XGBClassifier,0.9440178571428571,0.01284967285758134,0.4341904761904762,0.2891520841587781,0.21999999999999997,0.16068446363607103,0.7915880503144654,0.0915059883056223,0.27471545121545116,0.18118251710886507,0.03969990730285644,0.04304218822532405
MedPFNClassifier,0.9482142857142858,0.013445413679683521,0.5478214285714287,0.19706510637896518,0.4033333333333333,0.15186109749234725,0.8688207547169812,0.06933016744260131,0.4476184371184372,0.1472774436214387,1.7809536123275755,0.22611844082573662
MedPFNClassifier,0.6614285714285715,0.05317587871972425,0.1282135062095983,0.019576692691064917,0.8916666666666666,0.10437404750382431,0.8674842767295597,0.061358794058635834,0.22346007669778203,0.031370147778303936,1.7764862775802612,0.2181218637924422
RandomForestClassifier,0.9533928571428572,0.008917793464204833,0.5959999999999999,0.3854994549916335,0.1933333333333333,0.13802650406595177,0.8395518867924527,0.07232186005063276,0.28114502164502164,0.18706340991447729,0.25897356510162356,0.027331400852426913
LogisticRegression,0.9464285714285714,0.0,0.0,0.0,0.0,0.0,0.6929088050314465,0.08971087994642683,0.0,0.0,0.009383633136749269,0.002438720174615783
TabPFNClassifier,0.9513392857142857,0.011727293709517587,0.5698809523809524,0.35797210810901076,0.22833333333333336,0.14338894582313172,0.8767059748427674,0.06192807546987043,0.3090614940614941,0.18623409331840596,0.7642039799690247,0.08524005238857782
