,accuracy mean,accuracy std,precision mean,precision std,recall mean,recall std,roc_auc mean,roc_auc std,f1 mean,f1 std,runtime mean,runtime std
XGBClassifier,0.9406249999999999,0.015736477328182223,0.526532738095238,0.27385546858397,0.29107142857142854,0.14909330579353305,0.8034863945578231,0.086760467973851,0.3620812520812521,0.18081080573996147,0.04109268188476563,0.0405980703475938
MedPFNClassifier,0.9459821428571427,0.013375175471720055,0.6291666666666667,0.25118588196606806,0.33035714285714285,0.15468682373560624,0.8538903061224489,0.08056044065633161,0.41191676379176373,0.16760621446377622,2.8525303602218632,0.2641336066531884
MedPFNClassifier,0.8659598214285713,0.030258168777892086,0.2658625155724572,0.07880498997363271,0.6196428571428572,0.1793682543093323,0.8437755102040817,0.08536713791563853,0.3685281563543731,0.1028232919285273,2.8556493759155273,0.2690389914231516
RandomForestClassifier,0.9486607142857144,0.009655439630629079,0.7135416666666665,0.28035641437938374,0.24464285714285713,0.1404544279537144,0.8378486394557824,0.08744297943338367,0.34741355866355866,0.1722768743771595,0.24804815351963044,0.025484257775204033
LogisticRegression,0.9375,0.0,0.0,0.0,0.0,0.0,0.6802551020408163,0.08276657665219342,0.0,0.0,0.0076359182596206655,0.001307592023573919
TabPFNClassifier,0.9473214285714285,0.00896954838385982,0.7154166666666667,0.2539278202656369,0.23749999999999993,0.13005052885058982,0.8556632653061225,0.07998925315233367,0.33665501165501166,0.1535240505706014,0.7870111227035522,0.10845322592116383
