,accuracy mean,accuracy std,precision mean,precision std,recall mean,recall std,roc_auc mean,roc_auc std,f1 mean,f1 std,runtime mean,runtime std
XGBClassifier,0.8651785714285714,0.025965996864867624,0.7040475483122544,0.09408951541334404,0.5424242424242425,0.0994459072296709,0.8596548821548821,0.03684847488581391,0.6076617930767915,0.08800862467199587,0.031492209434509276,0.002389388288790493
MedPFNClassifier,0.8863095238095237,0.02515217165558001,0.7905485266940375,0.06889868433905448,0.5742424242424242,0.12463953200345473,0.9023400673400673,0.038803644826163476,0.6578106360855102,0.09941966735069423,0.6866544485092163,0.07067443700433891
MedPFNClassifier,0.8327380952380953,0.037431745919514085,0.5561935338072713,0.07529917186394751,0.7378787878787878,0.1157485720309608,0.8699158249158249,0.04862848058242935,0.6329962698982438,0.08829072385328988,0.6888572613398235,0.08098443964819625
RandomForestClassifier,0.8883928571428571,0.026152847068396656,0.8280742733645211,0.08757103601311363,0.5454545454545454,0.10882927526837104,0.9046969696969697,0.041786588815493714,0.6523917228297144,0.09777963203910169,0.4099667231241862,0.055512317875389273
LogisticRegression,0.8041666666666667,0.0011904761904761862,0.06666666666666667,0.13333333333333336,0.0030303030303030303,0.006060606060606061,0.6985521885521887,0.05427446484862756,0.005797101449275362,0.011594202898550725,0.01322767734527588,0.002351196103537246
TabPFNClassifier,0.8925595238095237,0.027145046979665386,0.799448911941172,0.08735405240011444,0.6060606060606061,0.1103931149635282,0.9126599326599326,0.04230064837060991,0.6842502500352458,0.09747229957202552,0.715081485112508,0.078723789585913
