,accuracy mean,accuracy std,precision mean,precision std,recall mean,recall std,roc_auc mean,roc_auc std,f1 mean,f1 std,runtime mean,runtime std
XGBClassifier,0.8223214285714286,0.04418515368449507,0.7885143144831418,0.06813823043335633,0.7666666666666667,0.06610877680286006,0.8992371475953564,0.0312498893727295,0.7760034640493849,0.05704823871981478,0.045772552490234375,0.003229932033713887
MedPFNClassifier,0.79375,0.05888120390641981,0.7111463567878662,0.06656506707206472,0.8222222222222222,0.07568616162633955,0.8791044776119403,0.04550775032221752,0.7621515497656255,0.06787440606249379,2.819459390640259,0.23504749150723853
MedPFNClassifier,0.7633928571428571,0.04230484907315048,0.6934433634779018,0.042862792171428826,0.7333333333333333,0.09888264649460886,0.8651741293532338,0.04242153838459477,0.7108453168612846,0.06363541989345887,2.8157954454421996,0.26054713822828895
RandomForestClassifier,0.8383928571428572,0.028641098093474003,0.8227260541185668,0.04711083834556404,0.7644444444444444,0.03471222078180735,0.920563847429519,0.029837199800777564,0.7919441814464026,0.03482359690978606,0.5139354944229126,0.08653281999634069
LogisticRegression,0.6508928571428572,0.019336078417596186,0.7030827067669173,0.06759881084612762,0.2311111111111111,0.051830683509736,0.7048092868988391,0.024520628966416807,0.3443149615607243,0.06117016302553814,0.006638574600219727,0.0011213324896856317
TabPFNClassifier,0.8571428571428573,0.03411602352596931,0.8270692760033256,0.051187287149891784,0.8177777777777777,0.0484831649539365,0.9324378109452734,0.019935320554976644,0.8214993811547975,0.04185913974904521,0.6928290128707886,0.02440227958793213
