,accuracy mean,accuracy std,precision mean,precision std,recall mean,recall std,roc_auc mean,roc_auc std,f1 mean,f1 std,runtime mean,runtime std
XGBClassifier,0.9406249999999999,0.015736477328182223,0.526532738095238,0.27385546858397,0.29107142857142854,0.14909330579353305,0.8034863945578231,0.086760467973851,0.3620812520812521,0.18081080573996147,0.031161031126976015,0.027735292857424015
MedPFNClassifier,0.9481026785714286,0.010022021229974138,0.7308333333333334,0.27514872062393436,0.25357142857142856,0.12913647553291835,0.8550340136054421,0.0808301821458559,0.358038073038073,0.15531882651195092,0.736564302444458,0.08309206307355875
MedPFNClassifier,0.8842633928571428,0.025946802796379634,0.29677395456710476,0.08624835236587439,0.5910714285714286,0.16966972732770708,0.8453741496598639,0.08599724674790923,0.391823621387661,0.10716587417202361,0.7247624158859254,0.07190958993078268
RandomForestClassifier,0.9497767857142856,0.008920107130506817,0.7743749999999999,0.27286102161470316,0.25,0.13676253259573995,0.8393027210884354,0.08395923710736175,0.3565200077700078,0.1605856102950975,0.2642040759325027,0.035173462258542114
LogisticRegression,0.9375,0.0,0.0,0.0,0.0,0.0,0.6802551020408163,0.08276657665219342,0.0,0.0,0.009586089849472047,0.0023576989201426262
TabPFNClassifier,0.9473214285714285,0.00896954838385982,0.7154166666666667,0.2539278202656369,0.23749999999999993,0.13005052885058982,0.8556632653061225,0.07998925315233367,0.33665501165501166,0.1535240505706014,0.7524913489818572,0.07612438399337271
