,accuracy mean,accuracy std,precision mean,precision std,recall mean,recall std,roc_auc mean,roc_auc std,f1 mean,f1 std,runtime mean,runtime std
XGBClassifier,0.9315051020408164,0.012443912579648211,0.5327272727272728,0.2164880702191024,0.33035714285714285,0.1426907980211923,0.8147664835164835,0.07661240279556114,0.38722727049352434,0.1395466596380204,0.026591018268040247,0.009025610627101634
MedPFNClassifier,0.941581632653061,0.013002332254798592,0.6649036281179139,0.20315313332990628,0.375,0.1576607903000338,0.865418956043956,0.060386350196789215,0.45942414961322525,0.1552658587905064,2.8357854161943714,0.25608934186366633
MedPFNClassifier,0.8539540816326532,0.029991762754276667,0.28980054615855433,0.06398050352447082,0.6749999999999999,0.12664480043098733,0.8631353021978022,0.05347285645218024,0.40189277512987187,0.07805339446434147,2.8581044128962922,0.2656011660478422
RandomForestClassifier,0.9441326530612244,0.011783304753706373,0.7766666666666666,0.254003519568895,0.2857142857142857,0.13721609377672378,0.862448489010989,0.06707391495925856,0.4036487322201608,0.16710984089872163,0.2566230228969029,0.02158268288882057
LogisticRegression,0.9285714285714287,0.0,0.0,0.0,0.0,0.0,0.6663804945054945,0.07091929040943931,0.0,0.0,0.00824604034423828,0.002603805825011712
TabPFNClassifier,0.9440051020408163,0.012520159499588377,0.8125510204081632,0.21513167299730118,0.29642857142857143,0.13778006606400664,0.8762534340659339,0.054858035295393445,0.4118559218559219,0.1581357588133669,0.7727501801082066,0.10242240093381116
