,accuracy mean,accuracy std,precision mean,precision std,recall mean,recall std,roc_auc mean,roc_auc std,f1 mean,f1 std,runtime mean,runtime std
XGBClassifier,0.9120535714285714,0.019394501824734938,0.5898685573685574,0.16860853382315666,0.39393939393939387,0.12080816484048797,0.8317131713171316,0.06799587147191614,0.4570255618707631,0.11810837564192196,0.05676530996958415,0.05241194253176659
MedPFNClassifier,0.9257440476190476,0.014411645386372096,0.753452380952381,0.14995980632428346,0.38181818181818183,0.11485589247108835,0.8932493249324933,0.049812166328944925,0.4945062946456136,0.1200019901912109,0.7061437567075094,0.068450990308382
MedPFNClassifier,0.8592261904761904,0.02913760705279961,0.3914377018463706,0.075514152055061,0.7166666666666668,0.1081405159393361,0.8752175217521753,0.053635228553995364,0.502691552690572,0.08004702378485866,0.7210301478703817,0.08460427738228915
RandomForestClassifier,0.9282738095238096,0.012854398998846737,0.8674801587301588,0.15578368118227284,0.33636363636363636,0.10274820654608961,0.89501200120012,0.043496230633477566,0.4691635354096655,0.11814933047145461,0.32470373312632245,0.03329953728793716
LogisticRegression,0.9017857142857143,1.1102230246251565e-16,0.0,0.0,0.0,0.0,0.6805130513051306,0.05731587245191317,0.0,0.0,0.009877359867095948,0.00293920184939241
TabPFNClassifier,0.9273809523809523,0.01546408404342107,0.7939556277056278,0.16267527511470523,0.37575757575757573,0.117796194023526,0.8953345334533452,0.04554090596332804,0.4945961477463025,0.13245044983017992,0.7437638918558757,0.09341460919556453
