,accuracy mean,accuracy std,precision mean,precision std,recall mean,recall std,roc_auc mean,roc_auc std,f1 mean,f1 std,runtime mean,runtime std
XGBClassifier,0.8651785714285714,0.025965996864867624,0.7040475483122544,0.09408951541334404,0.5424242424242425,0.0994459072296709,0.8596548821548821,0.03684847488581391,0.6076617930767915,0.08800862467199587,0.031096633275349932,0.004339978299437119
MedPFNClassifier,0.8910714285714286,0.02569871157728487,0.802893850321667,0.07318453110745626,0.5924242424242424,0.12205138236485695,0.9006565656565657,0.036766360009972646,0.6747306229541582,0.09710841623913259,2.8707645177841186,0.2790683321968683
MedPFNClassifier,0.8285714285714286,0.0425413063663817,0.5506140050867306,0.08445192732396549,0.7469696969696971,0.11092960524723543,0.8722222222222222,0.045984327318970376,0.6318180612139769,0.08996594944006946,2.8348654031753546,0.24469993943295823
RandomForestClassifier,0.8883928571428571,0.023499159384334205,0.837287247353037,0.09118590890054419,0.5393939393939394,0.0973828639618121,0.9057996632996633,0.04055000561405361,0.6508777615709823,0.08723837718609236,0.3952231645584106,0.029547266771867503
LogisticRegression,0.8041666666666667,0.0011904761904761862,0.06666666666666667,0.13333333333333336,0.0030303030303030303,0.006060606060606061,0.6985521885521887,0.05427446484862756,0.005797101449275362,0.011594202898550725,0.008012525240580241,0.0006552294286080486
TabPFNClassifier,0.8925595238095237,0.027145046979665386,0.799448911941172,0.08735405240011444,0.6060606060606061,0.1103931149635282,0.9126936026936027,0.042326556478363954,0.6842502500352458,0.09747229957202552,0.7582940578460694,0.0971859735873813
