,accuracy mean,accuracy std,precision mean,precision std,recall mean,recall std,roc_auc mean,roc_auc std,f1 mean,f1 std,runtime mean,runtime std
XGBClassifier,0.9651785714285713,0.010069123033700873,0.4707407407407407,0.3277372832140327,0.25,0.1826245676379804,0.7941358024691358,0.11530093000530399,0.31232804232804234,0.2159089350061837,0.04906651973724366,0.041421688930313755
MedPFNClassifier,0.9691468253968255,0.007241130219584651,0.580925925925926,0.3971837702009025,0.23888888888888893,0.1793535425743161,0.8744598765432099,0.08169623368622742,0.3196560846560847,0.21663821690698912,0.7240334510803222,0.07713178739502996
MedPFNClassifier,0.9237103174603174,0.018934741643615614,0.25574266782600114,0.09565048675421914,0.5499999999999999,0.2072124818319534,0.8680298353909465,0.08217356111971492,0.34113815722174856,0.11961647023744505,0.7238825956980388,0.07880203967548115
RandomForestClassifier,0.9689484126984128,0.006396137284053367,0.5138888888888888,0.4292595371927812,0.18888888888888888,0.16018997756571896,0.8589891975308642,0.08898884436429066,0.2663756613756613,0.21761072584282742,0.26647871070437956,0.029892761704729667
LogisticRegression,0.9642857142857143,1.1102230246251565e-16,0.0,0.0,0.0,0.0,0.6673096707818931,0.12354250077944323,0.0,0.0,0.010026664204067655,0.0027731702804870417
TabPFNClassifier,0.9683531746031746,0.005530600729734977,0.48629629629629634,0.3521537720603283,0.20555555555555557,0.1668261428312066,0.8786522633744857,0.07763005377519988,0.2752910052910053,0.20291457451944803,0.7624625311957466,0.09075897366018099
