,accuracy mean,accuracy std,precision mean,precision std,recall mean,recall std,roc_auc mean,roc_auc std,f1 mean,f1 std,runtime mean,runtime std
XGBClassifier,0.9315051020408164,0.012443912579648211,0.5327272727272728,0.2164880702191024,0.33035714285714285,0.1426907980211923,0.8147664835164835,0.07661240279556114,0.38722727049352434,0.1395466596380204,0.029041174479893277,0.03059643724026851
MedPFNClassifier,0.9315051020408163,0.01726116372605507,0.5505276865991151,0.14555976364501677,0.4696428571428571,0.15200744519396842,0.8628777472527472,0.06982432884531929,0.48361913861361006,0.12756701297018538,1.8064652170453752,0.22891687647441697
MedPFNClassifier,0.7010204081632653,0.035729026777129295,0.17801821854802058,0.023112160121007887,0.8589285714285715,0.10325058714649717,0.8607829670329671,0.05290091308175728,0.29405603326742774,0.03523953154089079,1.8049074036734445,0.22808768947541366
RandomForestClassifier,0.9459183673469388,0.012622895320047418,0.8405782312925169,0.2218200760482215,0.2982142857142857,0.14573025954006796,0.8608001373626373,0.06946144846821685,0.42113870256727404,0.1736377950300432,0.29647674219948905,0.037931215553809995
LogisticRegression,0.9285714285714287,0.0,0.0,0.0,0.0,0.0,0.6663804945054945,0.07091929040943931,0.0,0.0,0.008578664915902274,0.0014475624071124374
TabPFNClassifier,0.9440051020408163,0.012520159499588377,0.8125510204081632,0.21513167299730118,0.29642857142857143,0.13778006606400664,0.8762534340659339,0.054858035295393445,0.4118559218559219,0.1581357588133669,0.7688052926744734,0.07484096691089424
