,accuracy mean,accuracy std,precision mean,precision std,recall mean,recall std,roc_auc mean,roc_auc std,f1 mean,f1 std,runtime mean,runtime std
XGBClassifier,0.8651785714285714,0.025965996864867624,0.7040475483122544,0.09408951541334404,0.5424242424242425,0.0994459072296709,0.8596548821548821,0.03684847488581391,0.6076617930767915,0.08800862467199587,0.032187978426615395,0.0059522921176266745
MedPFNClassifier,0.8851190476190475,0.026918044237534997,0.728361081556902,0.0766300408592136,0.6696969696969696,0.10658278601689454,0.9032491582491581,0.03816529659743457,0.6936596919125901,0.08339851525412949,1.8506598711013795,0.24585668925052925
MedPFNClassifier,0.7723214285714287,0.03441220811713842,0.460937441609665,0.04405545953987069,0.8742424242424242,0.050033129945183295,0.8795791245791245,0.04131275197624124,0.6026135960248157,0.04546711475335718,1.8347608566284181,0.2590225805701409
RandomForestClassifier,0.8875000000000001,0.026314883025925346,0.8304747398284551,0.09091214990928266,0.5363636363636363,0.10428792800763347,0.9056649831649833,0.03917178428414695,0.6470609301855997,0.0962947362297093,0.3850064277648926,0.031037475741376
LogisticRegression,0.8041666666666667,0.0011904761904761862,0.06666666666666667,0.13333333333333336,0.0030303030303030303,0.006060606060606061,0.6985521885521887,0.05427446484862756,0.005797101449275362,0.011594202898550725,0.013109103838602703,0.0017968008002404786
TabPFNClassifier,0.8925595238095237,0.027145046979665386,0.799448911941172,0.08735405240011444,0.6060606060606061,0.1103931149635282,0.9126599326599326,0.04230064837060991,0.6842502500352458,0.09747229957202552,0.7815439224243165,0.10100616259439599
