,accuracy mean,accuracy std,precision mean,precision std,recall mean,recall std,roc_auc mean,roc_auc std,f1 mean,f1 std,runtime mean,runtime std
XGBClassifier,0.9541666666666667,0.011968244669913081,0.4646296296296296,0.3488299874369696,0.2222222222222222,0.16182173788295956,0.8038525441329178,0.10995969074298662,0.28298380631713965,0.19499888653893593,0.042597201135423444,0.029931398591883682
MedPFNClassifier,0.9607142857142856,0.009158570765994356,0.6125925925925925,0.36316817644007976,0.2244444444444445,0.157124903318002,0.8656178608515057,0.0818716816581963,0.3108730158730159,0.19539458177241084,0.7372270504633586,0.09031729635913538
MedPFNClassifier,0.9091269841269841,0.026410052788282002,0.2787247328694697,0.1008800732008384,0.588888888888889,0.18931262866918327,0.8640602284527518,0.08198441065562917,0.370693545360728,0.12004804211961868,0.7237826267878216,0.07190473622844876
RandomForestClassifier,0.9599206349206347,0.009467543105595586,0.5074074074074074,0.4603708132096054,0.1622222222222222,0.16021717135036923,0.8426895119418485,0.08348019995545293,0.2376984126984127,0.22522884800639836,0.26982354587978785,0.03275084960715233
LogisticRegression,0.9553571428571429,0.0,0.0,0.0,0.0,0.0,0.6695223260643821,0.09815555731293663,0.0,0.0,0.009699323442247179,0.0013680005776577299
TabPFNClassifier,0.9614087301587302,0.010964477483974354,0.6240740740740741,0.40280109890061033,0.22888888888888895,0.16981191737211127,0.8701869158878506,0.07971571364659222,0.32111992945326284,0.22253168003016535,0.7527936908933851,0.08430847673381109
