,accuracy mean,accuracy std,precision mean,precision std,recall mean,recall std,roc_auc mean,roc_auc std,f1 mean,f1 std,runtime mean,runtime std
XGBClassifier,0.9907738095238096,0.001829712227839041,0.05555555555555555,0.05555555555555555,0.05555555555555555,0.05555555555555555,0.7466966966966966,0.21481188997673822,0.05555555555555555,0.05555555555555555,0.04790693918863932,0.03866512964723958
MedPFNClassifier,0.991468253968254,0.00048600986959983515,0.044444444444444446,0.05443310539518173,0.044444444444444446,0.05443310539518173,0.8755755755755756,0.15229751911424333,0.044444444444444446,0.05443310539518173,2.8631194406085543,0.2709778642400412
MedPFNClassifier,0.9760912698412698,0.012038382735480345,0.1378042328042328,0.14916100281444575,0.34444444444444444,0.2977550996792524,0.7990990990990992,0.18978410321088535,0.17936507936507937,0.1799666727589494,2.8711474895477296,0.2763197830016652
RandomForestClassifier,0.9913690476190476,0.0007836289172188853,0.044444444444444446,0.05443310539518173,0.044444444444444446,0.05443310539518173,0.7832832832832833,0.22745817866847146,0.044444444444444446,0.05443310539518173,0.26418279806772865,0.034590628051657184
LogisticRegression,0.9910714285714286,0.0,0.0,0.0,0.0,0.0,0.6142142142142143,0.2101418791256104,0.0,0.0,0.009077840381198458,0.0028122209298747786
TabPFNClassifier,0.9913690476190476,0.001091269841269841,0.05555555555555555,0.08888888888888889,0.06666666666666668,0.09887754983962618,0.8624624624624624,0.15646210860749402,0.05925925925925926,0.09129300237286489,0.7817857159508599,0.10136352083054612
