,accuracy mean,accuracy std,precision mean,precision std,recall mean,recall std,roc_auc mean,roc_auc std,f1 mean,f1 std,runtime mean,runtime std
XGBClassifier,0.8392857142857142,0.03033686645127396,0.7721573844127889,0.06396594420986011,0.6484848484848484,0.07300322017971078,0.8759877253548138,0.03466649162280708,0.702806747366767,0.05822542940276765,0.03865178823471069,0.0015801839063332218
MedPFNClassifier,0.8504464285714286,0.027745937978599082,0.7669524181990776,0.06344678752648096,0.7181818181818183,0.054671498723613016,0.9017453011123897,0.024944382891133328,0.7392479132317615,0.04414835660550685,2.8595619797706604,0.3111014491905646
MedPFNClassifier,0.8008928571428571,0.031442416067719664,0.6511486674325969,0.05860990912269838,0.7348484848484849,0.08122669618896122,0.8657844265439202,0.026248130021340133,0.6851535840438912,0.0404680273767728,2.8352015614509583,0.2960161990360919
RandomForestClassifier,0.8575892857142857,0.029931944141385322,0.8490839876056301,0.06838171677084423,0.6303030303030304,0.07261572370035452,0.9065880322209436,0.02910759963929542,0.7211875297329604,0.061743365274822985,0.4421340346336365,0.05068423698684226
LogisticRegression,0.702232142857143,0.006856168165893104,0.15000000000000002,0.3500000000000001,0.004545454545454545,0.010606060606060605,0.6770617568085922,0.04565453749444768,0.008823529411764706,0.020588235294117647,0.008767759799957276,0.002115663750528227
TabPFNClassifier,0.860267857142857,0.027706836204630506,0.8121087395370414,0.06664019153745895,0.6893939393939394,0.057445180351601025,0.9088224012274646,0.02768772884808591,0.7437298489504587,0.04807802001369979,0.7415622353553772,0.08703015038710019
