,accuracy mean,accuracy std,precision mean,precision std,recall mean,recall std,roc_auc mean,roc_auc std,f1 mean,f1 std,runtime mean,runtime std
XGBClassifier,0.9120535714285714,0.019394501824734938,0.5898685573685574,0.16860853382315666,0.39393939393939387,0.12080816484048797,0.8317131713171316,0.06799587147191614,0.4570255618707631,0.11810837564192196,0.035703484217325845,0.018693774039407942
MedPFNClassifier,0.9245535714285714,0.017403034360243482,0.7011916786916786,0.16276482761668615,0.43030303030303024,0.13046383800179395,0.8898889888988898,0.05155620121890372,0.5181016128407769,0.13139424538270958,2.8302795171737674,0.2621134141163051
MedPFNClassifier,0.8508928571428571,0.02854170949177487,0.3739249637803223,0.06740327864166493,0.7212121212121212,0.10613150908249498,0.8744074407440746,0.05253907324150733,0.48942450111996366,0.07424742269421741,2.8429901480674746,0.275483406470308
RandomForestClassifier,0.9285714285714285,0.013703423490754285,0.8637205387205388,0.16816309660013626,0.34545454545454546,0.10699887984349288,0.8920492049204921,0.05185316966201108,0.4753007445770603,0.11912158129189472,0.3274223486582439,0.03301201832796116
LogisticRegression,0.9017857142857143,1.1102230246251565e-16,0.0,0.0,0.0,0.0,0.6805130513051306,0.05731587245191317,0.0,0.0,0.009331417083740233,0.002143674886995239
TabPFNClassifier,0.9273809523809523,0.01546408404342107,0.7939556277056278,0.16267527511470523,0.37575757575757573,0.117796194023526,0.8953345334533452,0.04554090596332804,0.4945961477463025,0.13245044983017992,0.7523576617240906,0.10095372584227247
