,accuracy mean,accuracy std,precision mean,precision std,recall mean,recall std,roc_auc mean,roc_auc std,f1 mean,f1 std,runtime mean,runtime std
XGBClassifier,0.7973214285714285,0.019984847576428034,0.7985794629272508,0.017636186797444237,0.7964285714285714,0.05248906591678238,0.8799266581632652,0.01721664902870833,0.7963419423908753,0.025913379871258656,0.05570130348205567,0.015228443395025562
MedPFNClassifier,0.8348214285714286,0.03099384813876745,0.8363634647244661,0.03441322979839379,0.8339285714285716,0.043042752832835554,0.9116071428571428,0.023009086922516332,0.8344803466082951,0.031472811867242274,2.025066447257996,0.6741703824510835
MedPFNClassifier,0.775,0.03499271061118825,0.7865392939434361,0.04201950689083517,0.7571428571428571,0.044607128559988565,0.8456951530612246,0.026396224498128982,0.7707794309385447,0.03553757938800154,1.8756999731063844,0.3035859659577051
RandomForestClassifier,0.8491071428571427,0.026621520564063524,0.8557568118505149,0.017344124289539648,0.8392857142857144,0.04374088826398533,0.9212213010204081,0.019773166004572,0.8471226437678144,0.029363682377214543,0.3974687814712524,0.01301131934136947
LogisticRegression,0.6705357142857143,0.021669037677699274,0.6796415250659346,0.030826830691272362,0.6517857142857142,0.0625,0.7254464285714285,0.03565102359894658,0.6629805257944955,0.0307649655677412,0.008569765090942382,0.0021157032839820146
TabPFNClassifier,0.8392857142857144,0.03503824441133678,0.8317274118108786,0.025893810714957055,0.85,0.0554434810580715,0.9208864795918366,0.020773324501433033,0.8402807092906395,0.0379809254379653,0.7910394906997681,0.09855314070978775
