,accuracy mean,accuracy std,precision mean,precision std,recall mean,recall std,roc_auc mean,roc_auc std,f1 mean,f1 std,runtime mean,runtime std
XGBClassifier,0.8392857142857142,0.03033686645127396,0.7721573844127889,0.06396594420986011,0.6484848484848484,0.07300322017971078,0.8759877253548138,0.03466649162280708,0.702806747366767,0.05822542940276765,0.039251279830932614,0.001368211624456548
MedPFNClassifier,0.8513392857142857,0.02933938405351326,0.7621091221932916,0.07167400085239348,0.7363636363636364,0.04615953167183537,0.8974299961641734,0.02723245596578507,0.7458696917320881,0.03823111848867245,0.7422080636024475,0.10687758957530172
MedPFNClassifier,0.8004464285714286,0.034172411729920665,0.6448158609489385,0.058627671249816084,0.743939393939394,0.07578421669658383,0.8619485999232834,0.030457525056007986,0.6872579043910838,0.04732741971190207,0.6863234996795654,0.0584397033258199
RandomForestClassifier,0.858482142857143,0.02517839049410285,0.8591855869434579,0.05990990714167178,0.6227272727272728,0.05875998512300809,0.9077675489067893,0.030282018993458268,0.7205017462819545,0.0512367022297333,0.4555119514465332,0.04411962966498445
LogisticRegression,0.702232142857143,0.006856168165893104,0.15000000000000002,0.3500000000000001,0.004545454545454545,0.010606060606060605,0.6770617568085922,0.04565453749444768,0.008823529411764706,0.020588235294117647,0.009595835208892822,0.0016026585892132757
TabPFNClassifier,0.860267857142857,0.027706836204630506,0.8121087395370414,0.06664019153745895,0.6893939393939394,0.057445180351601025,0.9088224012274646,0.02768772884808591,0.7437298489504587,0.04807802001369979,0.7065425515174866,0.06691003174946052
