,accuracy mean,accuracy std,precision mean,precision std,recall mean,recall std,roc_auc mean,roc_auc std,f1 mean,f1 std,runtime mean,runtime std
XGBClassifier,0.9717261904761906,0.007489685508236831,0.2555555555555556,0.2642766751457932,0.14074074074074072,0.1568201981970747,0.781379544682297,0.12050422908399867,0.17492063492063492,0.1853385373718202,0.04721278349558512,0.033522769720056855
MedPFNClassifier,0.9738095238095236,0.006730576633623885,0.34814814814814815,0.3508701917228831,0.16296296296296295,0.16655236216859173,0.8517838939857288,0.10290331182271392,0.21338624338624337,0.21470028277373226,1.7764330175187855,0.2181326563855434
MedPFNClassifier,0.7676587301587303,0.04829864947980764,0.08513633485398467,0.027923211386741982,0.7185185185185186,0.20313954164757642,0.8230037376826367,0.09797392958075796,0.15085019824498194,0.04705263879341865,1.7629624101850723,0.21679480924294914
RandomForestClassifier,0.9739087301587301,0.0038639737209015257,0.17777777777777778,0.27201727978358,0.06296296296296296,0.09672149911567776,0.8026673462453279,0.1235786406369951,0.09222222222222223,0.14073917064362954,0.29362718264261883,0.0344009081607628
LogisticRegression,0.9732142857142857,1.1102230246251565e-16,0.0,0.0,0.0,0.0,0.6431872239211689,0.1332901424039968,0.0,0.0,0.009859299659729003,0.0023226639972100138
TabPFNClassifier,0.9745039682539685,0.004966530301259536,0.25555555555555554,0.37517436660216064,0.1074074074074074,0.15574065123130676,0.8521661569826708,0.09821911555605974,0.14777777777777776,0.21262989006066538,0.7503367132610745,0.07625917482199053
