,accuracy mean,accuracy std,precision mean,precision std,recall mean,recall std,roc_auc mean,roc_auc std,f1 mean,f1 std,runtime mean,runtime std
XGBClassifier,0.9541666666666667,0.011968244669913081,0.4646296296296296,0.3488299874369696,0.2222222222222222,0.16182173788295956,0.8038525441329178,0.10995969074298662,0.28298380631713965,0.19499888653893593,0.040106797218322755,0.037256953635851874
MedPFNClassifier,0.9606150793650793,0.014123910658159072,0.5840211640211641,0.3129834328464748,0.37555555555555553,0.22758521834210724,0.8665109034267914,0.07521823413028964,0.42391090391090386,0.2282512173671623,1.7885743565029568,0.2172280735522355
MedPFNClassifier,0.6670634920634921,0.04856618395951312,0.11164066931733546,0.01699537053864065,0.8711111111111112,0.12925964573855409,0.8599065420560748,0.07444859418102664,0.19667322909007298,0.028559996495250033,1.7932744661966962,0.2234752015333162
RandomForestClassifier,0.9597222222222221,0.009032995106815423,0.5074074074074074,0.45275456855781915,0.1577777777777778,0.15412565162380742,0.8406230529595016,0.08265063217291553,0.23152557319223988,0.2153452279732781,0.27594068580203585,0.023312235968256448
LogisticRegression,0.9553571428571429,0.0,0.0,0.0,0.0,0.0,0.6695223260643821,0.09815555731293663,0.0,0.0,0.008453838030497233,0.002275297359442508
TabPFNClassifier,0.9614087301587302,0.010964477483974354,0.6240740740740741,0.40280109890061033,0.22888888888888895,0.16981191737211127,0.8701869158878506,0.07971571364659222,0.32111992945326284,0.22253168003016535,0.7664996332592434,0.08154589800095884
