,accuracy mean,accuracy std,precision mean,precision std,recall mean,recall std,roc_auc mean,roc_auc std,f1 mean,f1 std,runtime mean,runtime std
XGBClassifier,0.7973214285714285,0.019984847576428034,0.7985794629272508,0.017636186797444237,0.7964285714285714,0.05248906591678238,0.8799266581632652,0.01721664902870833,0.7963419423908753,0.025913379871258656,0.12931783199310304,0.08673221354657731
MedPFNClassifier,0.7928571428571429,0.03867215683519236,0.7653536267297341,0.04356391414093548,0.8482142857142858,0.036813443085871964,0.8775191326530611,0.02303057653538822,0.8040506101531909,0.03470661150318903,0.679702353477478,0.09883256710603433
MedPFNClassifier,0.780357142857143,0.026845172104237335,0.7585249309992609,0.030904705429558983,0.825,0.04210652186625571,0.8607780612244899,0.025775564991377755,0.789583076902793,0.026060290766610043,0.7104192972183228,0.09262828656401878
RandomForestClassifier,0.8401785714285713,0.026320362451756573,0.8467838704541807,0.01762259147779918,0.8303571428571429,0.047413993026256276,0.9177933673469388,0.021759181630762764,0.8379993308353788,0.029770567900008323,0.37793431282043455,0.011460264663396945
LogisticRegression,0.6705357142857143,0.021669037677699274,0.6796415250659346,0.030826830691272362,0.6517857142857142,0.0625,0.7254464285714285,0.03565102359894658,0.6629805257944955,0.0307649655677412,0.007658123970031738,0.001741232134586436
TabPFNClassifier,0.8392857142857144,0.03503824441133678,0.8317274118108786,0.025893810714957055,0.85,0.0554434810580715,0.9208864795918366,0.020773324501433033,0.8402807092906395,0.0379809254379653,0.7613558769226074,0.09740924713493515
