,accuracy mean,accuracy std,precision mean,precision std,recall mean,recall std,roc_auc mean,roc_auc std,f1 mean,f1 std,runtime mean,runtime std
XGBClassifier,0.9651785714285713,0.010069123033700873,0.4707407407407407,0.3277372832140327,0.25,0.1826245676379804,0.7941358024691358,0.11530093000530399,0.31232804232804234,0.2159089350061837,0.028004593319363065,0.012849775704200386
MedPFNClassifier,0.9676587301587303,0.008721285477844586,0.57,0.35632327872906,0.2722222222222222,0.1884904487371003,0.8747942386831276,0.08303314598057418,0.3460846560846561,0.21272722284312076,2.863910166422526,0.26539463120815243
MedPFNClassifier,0.9038690476190477,0.02656576072122356,0.2226494846360687,0.08608117865669426,0.625,0.2119904820974175,0.8683641975308644,0.08164058045152969,0.3227221047126149,0.11602729519658819,2.863754367828369,0.2632335228681265
RandomForestClassifier,0.9679563492063491,0.006094618809015667,0.45462962962962966,0.4192303402836368,0.16944444444444445,0.15331677076957306,0.8609053497942386,0.08897266034343093,0.23828042328042331,0.20998970750469323,0.26100409825642906,0.02816477352719876
LogisticRegression,0.9642857142857143,1.1102230246251565e-16,0.0,0.0,0.0,0.0,0.6673096707818931,0.12354250077944323,0.0,0.0,0.008672070503234864,0.0016303504349571988
TabPFNClassifier,0.9683531746031746,0.005530600729734977,0.48629629629629634,0.3521537720603283,0.20555555555555557,0.1668261428312066,0.8786522633744857,0.07763005377519988,0.2752910052910053,0.20291457451944803,0.792365402645535,0.10863089302496416
