,accuracy mean,accuracy std,precision mean,precision std,recall mean,recall std,roc_auc mean,roc_auc std,f1 mean,f1 std,runtime mean,runtime std
XGBClassifier,0.9817460317460319,0.004957117113302618,0.12222222222222223,0.21111111111111114,0.07222222222222223,0.12116805375503698,0.7759848484848484,0.1512942609142317,0.08888888888888889,0.1499629481362844,0.03806566927168105,0.017604483370172105
MedPFNClassifier,0.9817460317460317,0.003756635795330263,0.10555555555555556,0.17869528549950936,0.061111111111111116,0.10161544237475116,0.8361616161616161,0.13888302919420392,0.07592592592592592,0.12641113885052715,1.7761569446987575,0.22265785462668714
MedPFNClassifier,0.7573412698412699,0.06580043974473934,0.05308723160329976,0.023823311715545557,0.7111111111111112,0.2725882803805762,0.7978282828282829,0.1580981832515017,0.09795057805574786,0.04291391861030063,1.76026054488288,0.198800002114625
RandomForestClassifier,0.9821428571428571,0.0013888888888888926,0.03333333333333334,0.07777777777777779,0.01666666666666667,0.038888888888888896,0.7835606060606061,0.15758966636023755,0.022222222222222223,0.05185185185185185,0.2995959626303779,0.031600445804828445
LogisticRegression,0.9821428571428571,0.0,0.0,0.0,0.0,0.0,0.6256565656565657,0.15349405363507312,0.0,0.0,0.009833529260423447,0.0022314133741415743
TabPFNClassifier,0.9822420634920636,0.0033088199711532673,0.1222222222222222,0.21941918983186132,0.0611111111111111,0.10970959491593066,0.8284217171717172,0.15551631137981559,0.08148148148148149,0.14627945988790753,0.7494089179568821,0.07742260344393356
