,accuracy mean,accuracy std,precision mean,precision std,recall mean,recall std,roc_auc mean,roc_auc std,f1 mean,f1 std,runtime mean,runtime std
XGBClassifier,0.8921875000000001,0.02155138877998832,0.6563240231990233,0.09399104524328815,0.5046875,0.11960335003961692,0.8444498697916667,0.05546262739889541,0.5645093436532355,0.10560653484759921,0.07678356170654298,0.06903413396160292
MedPFNClassifier,0.8973214285714285,0.02698141026243439,0.6470220408891074,0.10663274327904937,0.6125,0.13604087896578648,0.8941894531250001,0.03823140763852589,0.6242963340209668,0.11379247307950399,1.8262007176876067,0.24550268869833095
MedPFNClassifier,0.766517857142857,0.03739360491906407,0.36539039222373637,0.0472965744237417,0.828125,0.07661156973014127,0.8814453125,0.04299516104231679,0.5055651225252162,0.05341062292513218,1.8080410182476045,0.22567186491459135
RandomForestClassifier,0.9011160714285714,0.01818652586679313,0.8003769841269842,0.13799360209818148,0.41718750000000004,0.08025787129107136,0.8994873046875,0.03364824503351745,0.5435319873363351,0.08744323126210304,0.42243582010269165,0.06038074911518938
LogisticRegression,0.8571428571428571,0.0,0.0,0.0,0.0,0.0,0.6781575520833334,0.0788747961139834,0.0,0.0,0.011821478605270386,0.00273606604530511
TabPFNClassifier,0.9051339285714285,0.019569941478214246,0.7829292929292929,0.111414531155668,0.475,0.11103150811190987,0.9026204427083333,0.0363791354546239,0.5831296969578151,0.0996900049329025,0.7581467509269715,0.07069412910515906
