,accuracy mean,accuracy std,precision mean,precision std,recall mean,recall std,roc_auc mean,roc_auc std,f1 mean,f1 std,runtime mean,runtime std
XGBClassifier,0.9092261904761906,0.016015458650797378,0.49776695526695525,0.1558194296264418,0.32499999999999996,0.10552042545842834,0.8113725490196079,0.06917805973485792,0.3857498352467393,0.1169701607820952,0.03729097445805867,0.03978125943467022
MedPFNClassifier,0.9269345238095239,0.01634266779596345,0.691825396825397,0.18985583460503716,0.3433333333333333,0.1491812631686418,0.8744934640522876,0.061864876567088195,0.4389772750182967,0.1596528603107518,0.7333196918169657,0.08551564194272138
MedPFNClassifier,0.8529761904761904,0.03292563648206396,0.34804947249970125,0.08499927708921101,0.665,0.14601711417451646,0.8763725490196078,0.05563889529149622,0.4506074546721779,0.09246486567348472,0.7181802511215211,0.07954959739268039
RandomForestClassifier,0.927827380952381,0.014600576370942748,0.7273015873015872,0.28219438987154216,0.275,0.14084330862229436,0.8679901960784314,0.048321832703498185,0.3842842941372353,0.17621317847613915,0.3168163061141968,0.04363197740569918
LogisticRegression,0.9107142857142857,1.1102230246251565e-16,0.0,0.0,0.0,0.0,0.6887091503267975,0.07441283391731776,0.0,0.0,0.011283926169077557,0.0027170067323174685
TabPFNClassifier,0.9287202380952381,0.015686408135553626,0.721878306878307,0.2346994308256156,0.30666666666666664,0.14821511701733722,0.8785294117647059,0.05783290833727159,0.41574072255573796,0.17201951147562167,0.7420688112576802,0.0907281343423008
