,accuracy mean,accuracy std,precision mean,precision std,recall mean,recall std,roc_auc mean,roc_auc std,f1 mean,f1 std,runtime mean,runtime std
XGBClassifier,0.9541666666666667,0.011968244669913081,0.4646296296296296,0.3488299874369696,0.2222222222222222,0.16182173788295956,0.8038525441329178,0.10995969074298662,0.28298380631713965,0.19499888653893593,0.0453404426574707,0.052373026620383976
MedPFNClassifier,0.9611111111111111,0.011669502815692597,0.6068518518518519,0.35791327706514964,0.2666666666666666,0.18194567441602688,0.8618795430944962,0.08167455198167167,0.3499334616001283,0.21764441960952954,2.8500255743662515,0.2769531535415843
MedPFNClassifier,0.8938492063492064,0.02758630161818401,0.24477925430453806,0.08221573965736578,0.6222222222222222,0.20348139815107807,0.8637279335410176,0.07984909207464355,0.3456896630900235,0.1083590078187217,2.8749155441919965,0.25891087090918324
RandomForestClassifier,0.9604166666666666,0.00882572024995746,0.5555555555555557,0.4507428319069666,0.17333333333333334,0.1563831335271595,0.8375285565939772,0.093155434157982,0.2544091710758377,0.21719698653979702,0.24992568757798939,0.026624975245978455
LogisticRegression,0.9553571428571429,0.0,0.0,0.0,0.0,0.0,0.6695223260643821,0.09815555731293663,0.0,0.0,0.009262490272521972,0.0023654155248824618
TabPFNClassifier,0.9614087301587302,0.010964477483974354,0.6240740740740741,0.40280109890061033,0.22888888888888895,0.16981191737211127,0.8701869158878506,0.07971571364659222,0.32111992945326284,0.22253168003016535,0.7743788719177246,0.10195093876149237
