,accuracy mean,accuracy std,precision mean,precision std,recall mean,recall std,roc_auc mean,roc_auc std,f1 mean,f1 std,runtime mean,runtime std
XGBClassifier,0.8223214285714286,0.04418515368449507,0.7885143144831418,0.06813823043335633,0.7666666666666667,0.06610877680286006,0.8992371475953564,0.0312498893727295,0.7760034640493849,0.05704823871981478,0.04545369148254395,0.001758628210751992
MedPFNClassifier,0.7830357142857143,0.06549580333961896,0.704798112846451,0.07416240735428155,0.791111111111111,0.09064923579720507,0.8638142620232173,0.040553472785418265,0.7450130094274129,0.07964275667455031,0.6724202156066894,0.05882945576721901
MedPFNClassifier,0.7696428571428571,0.04653147935998348,0.6924346504559269,0.05218026744332086,0.7666666666666666,0.08027729719194865,0.8671973466003315,0.04237819654425566,0.7267902960487413,0.0603222741732882,0.6943301200866699,0.09765247546997934
RandomForestClassifier,0.8383928571428572,0.035366611286318496,0.8272060236773917,0.063348749911157,0.76,0.03823255674241169,0.9183747927031508,0.0346665232324996,0.7913116297939775,0.04317525984939573,0.42147939205169677,0.06068248633737447
LogisticRegression,0.6508928571428572,0.019336078417596186,0.7030827067669173,0.06759881084612762,0.2311111111111111,0.051830683509736,0.7048092868988391,0.024520628966416807,0.3443149615607243,0.06117016302553814,0.019009923934936522,0.006306482958354391
TabPFNClassifier,0.8571428571428573,0.03411602352596931,0.8270692760033256,0.051187287149891784,0.8177777777777777,0.0484831649539365,0.9324378109452734,0.019935320554976644,0.8214993811547975,0.04185913974904521,0.7417989730834961,0.12137843658686773
