,accuracy mean,accuracy std,precision mean,precision std,recall mean,recall std,roc_auc mean,roc_auc std,f1 mean,f1 std,runtime mean,runtime std
XGBClassifier,0.8921875000000001,0.02155138877998832,0.6563240231990233,0.09399104524328815,0.5046875,0.11960335003961692,0.8444498697916667,0.05546262739889541,0.5645093436532355,0.10560653484759921,0.02742873430252075,0.002424340546463519
MedPFNClassifier,0.9033482142857143,0.0251169695901588,0.7572803932178932,0.13379750396801748,0.484375,0.11941296608851171,0.8950358072916667,0.034443584309081315,0.5839617334962857,0.11545600826843147,2.8434273958206173,0.26258415820180203
MedPFNClassifier,0.8321428571428572,0.031199252929570633,0.4497865486587244,0.06600706113978988,0.71875,0.10498954066474524,0.8702311197916668,0.04399000655846357,0.5506134834107973,0.07331584056597948,2.858173757791519,0.27421811515280814
RandomForestClassifier,0.9015625,0.02242911889096692,0.7865462315462316,0.14795738840780065,0.4265625,0.10389788142181819,0.8928955078125,0.03511987210993438,0.5481112941142926,0.11321236933915399,0.3896686375141144,0.04236461664474955
LogisticRegression,0.8571428571428571,0.0,0.0,0.0,0.0,0.0,0.6781575520833334,0.0788747961139834,0.0,0.0,0.01216750144958496,0.005416241421664036
TabPFNClassifier,0.9051339285714285,0.019569941478214246,0.7829292929292929,0.111414531155668,0.475,0.11103150811190987,0.9026204427083333,0.0363791354546239,0.5831296969578151,0.0996900049329025,0.7488311111927032,0.11139669941117988
