,accuracy mean,accuracy std,precision mean,precision std,recall mean,recall std,roc_auc mean,roc_auc std,f1 mean,f1 std,runtime mean,runtime std
XGBClassifier,0.8392857142857142,0.03033686645127396,0.7721573844127889,0.06396594420986011,0.6484848484848484,0.07300322017971078,0.8759877253548138,0.03466649162280708,0.702806747366767,0.05822542940276765,0.09417877197265626,0.036971703853738526
MedPFNClassifier,0.858482142857143,0.022143122871795932,0.8150306786472454,0.05399549144299452,0.6757575757575759,0.04961063391170749,0.899060222477944,0.025046668767147545,0.7375896194279634,0.04206294650828911,1.804334509372711,0.2467973857183165
MedPFNClassifier,0.7566964285714286,0.05025306456987729,0.5635598388593352,0.06130165703733692,0.8499999999999999,0.06374277745187606,0.852397391637898,0.03727030084901171,0.6751139798833428,0.05003306566284741,1.7891726613044738,0.2216976630660084
RandomForestClassifier,0.8566964285714286,0.02953870838450283,0.8472005463499153,0.07616585307888417,0.6318181818181818,0.062446424020591335,0.9067606444188722,0.03097204253897176,0.7211342544822471,0.05593757521261114,0.5239752769470215,0.10544471201506714
LogisticRegression,0.702232142857143,0.006856168165893104,0.15000000000000002,0.3500000000000001,0.004545454545454545,0.010606060606060605,0.6770617568085922,0.04565453749444768,0.008823529411764706,0.020588235294117647,0.010535776615142822,0.0029989824978712623
TabPFNClassifier,0.860267857142857,0.027706836204630506,0.8121087395370414,0.06664019153745895,0.6893939393939394,0.057445180351601025,0.9088224012274646,0.02768772884808591,0.7437298489504587,0.04807802001369979,0.7063612222671509,0.02918265920903704
