,accuracy mean,accuracy std,precision mean,precision std,recall mean,recall std,roc_auc mean,roc_auc std,f1 mean,f1 std,runtime mean,runtime std
XGBClassifier,0.9651785714285713,0.010069123033700873,0.4707407407407407,0.3277372832140327,0.25,0.1826245676379804,0.7941358024691358,0.11530093000530399,0.31232804232804234,0.2159089350061837,0.039369771215650766,0.046887850981439494
MedPFNClassifier,0.9657738095238094,0.008760194774655325,0.534021164021164,0.30302135631686855,0.29444444444444445,0.19083490253452096,0.8757716049382716,0.07844339479766319,0.35329164662497997,0.19624960595042923,1.790815454059177,0.22754856521096833
MedPFNClassifier,0.6710317460317461,0.05069614887487691,0.08935949443631062,0.021376929553795925,0.8416666666666667,0.17415441015446453,0.8598251028806585,0.08902095872541599,0.16038929194745666,0.03737471043744767,1.7903833760155574,0.21447306460626678
RandomForestClassifier,0.9685515873015874,0.006377453169673167,0.47870370370370363,0.4358128851558396,0.17500000000000002,0.15888462462267683,0.8566743827160495,0.09065112986383432,0.2485449735449735,0.22013057353301535,0.2801386382844713,0.032134294327664646
LogisticRegression,0.9642857142857143,1.1102230246251565e-16,0.0,0.0,0.0,0.0,0.6673096707818931,0.12354250077944323,0.0,0.0,0.00917022493150499,0.0020310520581155477
TabPFNClassifier,0.9683531746031746,0.005530600729734977,0.48629629629629634,0.3521537720603283,0.20555555555555557,0.1668261428312066,0.8786522633744857,0.07763005377519988,0.2752910052910053,0.20291457451944803,0.751440782017178,0.07311259631225005
