,accuracy mean,accuracy std,precision mean,precision std,recall mean,recall std,roc_auc mean,roc_auc std,f1 mean,f1 std,runtime mean,runtime std
XGBClassifier,0.9092261904761906,0.016015458650797378,0.49776695526695525,0.1558194296264418,0.32499999999999996,0.10552042545842834,0.8113725490196079,0.06917805973485792,0.3857498352467393,0.1169701607820952,0.030978234608968095,0.011659137587434186
MedPFNClassifier,0.9248511904761904,0.016195875909077655,0.6546332371332372,0.16965383048501892,0.3933333333333333,0.14795942316173818,0.8696732026143792,0.06279406752713738,0.46762332195381734,0.14666090593852654,2.8485425273577376,0.27581693129933527
MedPFNClassifier,0.844047619047619,0.03151573326230095,0.33040423834934085,0.07088951932243011,0.68,0.14061674652434905,0.8738398692810457,0.056904915767437114,0.4403397616940854,0.08372266216375533,2.8417781511942546,0.2588489824915859
RandomForestClassifier,0.9284226190476189,0.014024906896700768,0.7668849206349208,0.2528426156282302,0.2733333333333334,0.12900215119787337,0.8676633986928105,0.047508611987549874,0.38590470531647,0.16010434959360434,0.2998730023701986,0.023040466682934368
LogisticRegression,0.9107142857142857,1.1102230246251565e-16,0.0,0.0,0.0,0.0,0.6887091503267975,0.07441283391731776,0.0,0.0,0.008299497763315835,0.0037472896900184773
TabPFNClassifier,0.9287202380952381,0.015686408135553626,0.721878306878307,0.2346994308256156,0.30666666666666664,0.14821511701733722,0.878545751633987,0.057835248166088184,0.41574072255573796,0.17201951147562167,0.772270389397939,0.10241208754404219
