,accuracy mean,accuracy std,precision mean,precision std,recall mean,recall std,roc_auc mean,roc_auc std,f1 mean,f1 std,runtime mean,runtime std
XGBClassifier,0.9440178571428571,0.01284967285758134,0.4341904761904762,0.2891520841587781,0.21999999999999997,0.16068446363607103,0.7915880503144654,0.0915059883056223,0.27471545121545116,0.18118251710886507,0.037993190288543706,0.023311549528625113
MedPFNClassifier,0.9508928571428571,0.016034718946214367,0.5883809523809523,0.28131127624091484,0.34,0.16389210312317304,0.8681446540880502,0.06827266226909302,0.4148227883227883,0.18778720043441727,2.8471188879013063,0.2682310770190898
MedPFNClassifier,0.8756250000000001,0.025291984947158775,0.25412454469335277,0.06603682626075731,0.6533333333333334,0.16309216794371256,0.8720283018867926,0.0633959442212125,0.362679132755622,0.08788645933723059,2.855051507949829,0.2789037810526426
RandomForestClassifier,0.9529464285714285,0.008754305266931687,0.587,0.38046659353693263,0.195,0.13610389013144808,0.8486320754716982,0.07035184879551884,0.2807662337662338,0.1824390378459221,0.2527404475212097,0.028413128907576295
LogisticRegression,0.9464285714285714,0.0,0.0,0.0,0.0,0.0,0.6929088050314465,0.08971087994642683,0.0,0.0,0.00906123399734497,0.002216880799923373
TabPFNClassifier,0.9513392857142857,0.011727293709517587,0.5698809523809524,0.35797210810901076,0.22833333333333336,0.14338894582313172,0.8766981132075472,0.0619241667767881,0.3090614940614941,0.18623409331840596,0.7729259777069092,0.10405161373217305
