,accuracy mean,accuracy std,precision mean,precision std,recall mean,recall std,roc_auc mean,roc_auc std,f1 mean,f1 std,runtime mean,runtime std
XGBClassifier,0.9907738095238096,0.001829712227839041,0.05555555555555555,0.05555555555555555,0.05555555555555555,0.05555555555555555,0.7466966966966966,0.21481188997673822,0.05555555555555555,0.05555555555555555,0.043887196646796335,0.023787575984813798
MedPFNClassifier,0.9912698412698414,0.0003968253968253954,0.022222222222222223,0.04444444444444445,0.022222222222222223,0.04444444444444445,0.875975975975976,0.1523623714584047,0.022222222222222223,0.04444444444444445,0.7420895126130846,0.09255995960244595
MedPFNClassifier,0.9823412698412698,0.009586108531252979,0.1337037037037037,0.20058141007853986,0.25555555555555554,0.27849034306086706,0.8008008008008007,0.1803009157077123,0.1596825396825397,0.21710988928381003,0.7218122084935505,0.07314197235774048
RandomForestClassifier,0.991468253968254,0.00048600986959983515,0.044444444444444446,0.05443310539518173,0.044444444444444446,0.05443310539518173,0.7643643643643644,0.24818884974840694,0.044444444444444446,0.05443310539518173,0.2803019179238213,0.03212621289716189
LogisticRegression,0.9910714285714286,0.0,0.0,0.0,0.0,0.0,0.6142142142142143,0.2101418791256104,0.0,0.0,0.00953419738345676,0.0027251482999966336
TabPFNClassifier,0.9913690476190476,0.001091269841269841,0.05555555555555555,0.08888888888888889,0.06666666666666668,0.09887754983962618,0.8624624624624624,0.15646210860749402,0.05925925925925926,0.09129300237286489,0.7515592522091337,0.0728429749788349
