,accuracy mean,accuracy std,precision mean,precision std,recall mean,recall std,roc_auc mean,roc_auc std,f1 mean,f1 std,runtime mean,runtime std
XGBClassifier,0.9817460317460319,0.004957117113302618,0.12222222222222223,0.21111111111111114,0.07222222222222223,0.12116805375503698,0.7759848484848484,0.1512942609142317,0.08888888888888889,0.1499629481362844,0.04385617838965522,0.03016851118052887
MedPFNClassifier,0.9826388888888888,0.0023973364474118844,0.10555555555555556,0.17995866960067727,0.05555555555555555,0.093042928249264,0.8256565656565658,0.15752408060755155,0.07222222222222222,0.12159371399934576,0.7288108958138361,0.0776689494802763
MedPFNClassifier,0.9617063492063492,0.01583951775779996,0.2020422478755812,0.20457086393944693,0.3777777777777778,0.29101274588396797,0.8180303030303031,0.1547271548790114,0.24995479828813164,0.22253314653393227,0.7220810943179661,0.08218196030746311
RandomForestClassifier,0.9822420634920636,0.0016865079365079429,0.044444444444444446,0.11111111111111113,0.022222222222222223,0.055555555555555566,0.8281313131313132,0.13950999307279638,0.02962962962962963,0.07407407407407407,0.2888461589813232,0.025927878728411815
LogisticRegression,0.9821428571428571,0.0,0.0,0.0,0.0,0.0,0.6256565656565657,0.15349405363507312,0.0,0.0,0.00949742529127333,0.002462473222410924
TabPFNClassifier,0.9822420634920636,0.0033088199711532673,0.1222222222222222,0.21941918983186132,0.0611111111111111,0.10970959491593066,0.8284217171717172,0.15551631137981559,0.08148148148148149,0.14627945988790753,0.7469236135482789,0.06808563756438292
