,accuracy mean,accuracy std,precision mean,precision std,recall mean,recall std,roc_auc mean,roc_auc std,f1 mean,f1 std,runtime mean,runtime std
XGBClassifier,0.8223214285714286,0.04418515368449507,0.7885143144831418,0.06813823043335633,0.7666666666666667,0.06610877680286006,0.8992371475953564,0.0312498893727295,0.7760034640493849,0.05704823871981478,0.045894432067871097,0.004134847404777378
MedPFNClassifier,0.8321428571428571,0.029287891905101317,0.8199512030545406,0.053941207456749726,0.7511111111111111,0.036918328279635905,0.9141956882255389,0.022761240850948827,0.7828027904009515,0.03441293204574,1.7629136562347412,0.21527638461890086
MedPFNClassifier,0.7830357142857143,0.05237503348593737,0.6925768552395097,0.059773899703493845,0.8333333333333333,0.06903210918670695,0.8465008291873964,0.06088124929828836,0.7554628454721833,0.057421325745002805,1.8603454113006592,0.22984079055972384
RandomForestClassifier,0.8294642857142855,0.023436437050726216,0.8124298269077425,0.04200188910473777,0.7511111111111111,0.038232556742411695,0.9174792703150911,0.02944044534601368,0.7796867568393538,0.030063727220019775,0.4010475635528564,0.012541569717210209
LogisticRegression,0.6508928571428572,0.019336078417596186,0.7030827067669173,0.06759881084612762,0.2311111111111111,0.051830683509736,0.7048092868988391,0.024520628966416807,0.3443149615607243,0.06117016302553814,0.007813191413879395,0.0022460953981619683
TabPFNClassifier,0.8571428571428573,0.03411602352596931,0.8270692760033256,0.051187287149891784,0.8177777777777777,0.0484831649539365,0.9324378109452734,0.019935320554976644,0.8214993811547975,0.04185913974904521,0.7747079610824585,0.08284930624424798
