,accuracy mean,accuracy std,precision mean,precision std,recall mean,recall std,roc_auc mean,roc_auc std,f1 mean,f1 std,runtime mean,runtime std
XGBClassifier,0.9315051020408164,0.012443912579648211,0.5327272727272728,0.2164880702191024,0.33035714285714285,0.1426907980211923,0.8147664835164835,0.07661240279556114,0.38722727049352434,0.1395466596380204,0.04655064174107143,0.02949863309813112
MedPFNClassifier,0.9438775510204082,0.01328100520467845,0.7404761904761904,0.2625607281070482,0.3107142857142858,0.14634495763541105,0.8697458791208792,0.05977674214998041,0.4206027306027306,0.16870882321920663,0.7444337095533099,0.09291252224680248
MedPFNClassifier,0.8659438775510203,0.02708688209258266,0.30434311412125187,0.0671010800758675,0.6428571428571429,0.1368291784584655,0.8647321428571427,0.053808630611594514,0.40932454803976753,0.08139845183561956,0.7495055096490043,0.09164177486674938
RandomForestClassifier,0.9450255102040815,0.0123421243936607,0.7988095238095237,0.24687218565259636,0.29821428571428577,0.1398636491735276,0.8696600274725274,0.0607092023005515,0.41712493855350996,0.16473739616849858,0.27472484452383855,0.027361887957221213
LogisticRegression,0.9285714285714287,0.0,0.0,0.0,0.0,0.0,0.6663804945054945,0.07091929040943931,0.0,0.0,0.008776937212262834,0.001185071006932772
TabPFNClassifier,0.9440051020408163,0.012520159499588377,0.8125510204081632,0.21513167299730118,0.29642857142857143,0.13778006606400664,0.8762534340659339,0.054858035295393445,0.4118559218559219,0.1581357588133669,0.7667656149183001,0.0811521420937862
