,accuracy mean,accuracy std,precision mean,precision std,recall mean,recall std,roc_auc mean,roc_auc std,f1 mean,f1 std,runtime mean,runtime std
XGBClassifier,0.9717261904761906,0.007489685508236831,0.2555555555555556,0.2642766751457932,0.14074074074074072,0.1568201981970747,0.781379544682297,0.12050422908399867,0.17492063492063492,0.1853385373718202,0.03792492813534207,0.02964847644183596
MedPFNClassifier,0.9748015873015873,0.005321898032908932,0.3259259259259259,0.3374007059542883,0.14814814814814817,0.15936943434191672,0.8430513081889228,0.11478876833775642,0.19703703703703704,0.20477319792590948,2.84889047410753,0.25713589078296706
MedPFNClassifier,0.9166666666666666,0.026925008143743066,0.17507634340967673,0.10029678003360833,0.5074074074074074,0.267593783755155,0.8221202854230377,0.11134132984706152,0.2534612291733035,0.13784241685262558,2.8559362967809037,0.2592673220917975
RandomForestClassifier,0.9741071428571428,0.0040674603174603325,0.18333333333333332,0.2696188110466051,0.07407407407407408,0.10545101945492502,0.8095310907237512,0.11637803962816001,0.10333333333333333,0.14762335178903563,0.2790851381089952,0.032047140895521714
LogisticRegression,0.9732142857142857,1.1102230246251565e-16,0.0,0.0,0.0,0.0,0.6431872239211689,0.1332901424039968,0.0,0.0,0.008722901344299316,0.0018557242608949337
TabPFNClassifier,0.9745039682539685,0.004966530301259536,0.25555555555555554,0.37517436660216064,0.1074074074074074,0.15574065123130676,0.8522341148487939,0.09815106311517408,0.14777777777777776,0.21262989006066538,0.777378765741984,0.10597930839624761
