,accuracy mean,accuracy std,precision mean,precision std,recall mean,recall std,roc_auc mean,roc_auc std,f1 mean,f1 std,runtime mean,runtime std
XGBClassifier,0.9717261904761906,0.007489685508236831,0.2555555555555556,0.2642766751457932,0.14074074074074072,0.1568201981970747,0.781379544682297,0.12050422908399867,0.17492063492063492,0.1853385373718202,0.05062234666612413,0.035386465737032
MedPFNClassifier,0.9755952380952382,0.005757322072210134,0.3351851851851852,0.34033430352644384,0.16666666666666669,0.18485300877792066,0.8420319401970777,0.11517938361948116,0.21407407407407406,0.22478461976141212,0.7277770519256592,0.08176682191844266
MedPFNClassifier,0.9366071428571429,0.02250418597439295,0.211161215327882,0.11936335029180167,0.437037037037037,0.2302685990740961,0.819435949711179,0.10955223915730676,0.27434756143218475,0.14407736390332115,0.7226718558205499,0.08470257784950291
RandomForestClassifier,0.9739087301587303,0.0037284924438809727,0.16666666666666666,0.2609061686724689,0.05925925925925926,0.09253962937921736,0.7981141692150867,0.1236767185920791,0.08666666666666666,0.1346831354121656,0.2869315730200873,0.033176732730732926
LogisticRegression,0.9732142857142857,1.1102230246251565e-16,0.0,0.0,0.0,0.0,0.6431872239211689,0.1332901424039968,0.0,0.0,0.008680113156636556,0.0019436089114347336
TabPFNClassifier,0.9745039682539685,0.004966530301259536,0.25555555555555554,0.37517436660216064,0.1074074074074074,0.15574065123130676,0.8521661569826708,0.09821911555605974,0.14777777777777776,0.21262989006066538,0.7424913856718275,0.0711061196127649
