,accuracy mean,accuracy std,precision mean,precision std,recall mean,recall std,roc_auc mean,roc_auc std,f1 mean,f1 std,runtime mean,runtime std
XGBClassifier,0.9406249999999999,0.015736477328182223,0.526532738095238,0.27385546858397,0.29107142857142854,0.14909330579353305,0.8034863945578231,0.086760467973851,0.3620812520812521,0.18081080573996147,0.04110625684261322,0.051194203029573754
MedPFNClassifier,0.939955357142857,0.016957903323334262,0.5216148088023088,0.2107008845332795,0.41071428571428564,0.17600229907333081,0.8472619047619048,0.08366240329251176,0.4447659183137124,0.17235959987736338,1.7930455029010772,0.22926096100891064
MedPFNClassifier,0.6606026785714286,0.04951387844023853,0.14135775150374194,0.022981538868221095,0.8410714285714286,0.13233107686840723,0.8418367346938775,0.0780099012374554,0.24090213541631084,0.03728049708038564,1.7779523521661758,0.21304459658197772
RandomForestClassifier,0.9495535714285713,0.009650388646024792,0.7491666666666668,0.2930537573761768,0.2482142857142857,0.1421579272207387,0.8391156462585034,0.08721940339852483,0.35477564102564113,0.17449700829157117,0.26788662374019623,0.0288540360901154
LogisticRegression,0.9375,0.0,0.0,0.0,0.0,0.0,0.6802551020408163,0.08276657665219342,0.0,0.0,0.008827975392341612,0.002602394160572195
TabPFNClassifier,0.9473214285714285,0.00896954838385982,0.7154166666666667,0.2539278202656369,0.23749999999999993,0.13005052885058982,0.8556632653061225,0.07998925315233367,0.33665501165501166,0.1535240505706014,0.7577643126249313,0.07310387154158235
