,accuracy mean,accuracy std,precision mean,precision std,recall mean,recall std,roc_auc mean,roc_auc std,f1 mean,f1 std,runtime mean,runtime std
XGBClassifier,0.9120535714285714,0.019394501824734938,0.5898685573685574,0.16860853382315666,0.39393939393939387,0.12080816484048797,0.8317131713171316,0.06799587147191614,0.4570255618707631,0.11810837564192196,0.023708117008209226,0.004237324879482984
MedPFNClassifier,0.9175595238095237,0.0216126599151506,0.5898492003639063,0.12954207336762932,0.5787878787878786,0.12871416421776755,0.8892589258925895,0.05899501133063114,0.576901811466827,0.11411785004105407,1.7777077674865722,0.2230471786431564
MedPFNClassifier,0.7386904761904761,0.036421608125488426,0.25828908671831163,0.03506778275232015,0.8606060606060607,0.10779519562629662,0.8799279927992799,0.054735003872245176,0.39568449877656525,0.04788256039201933,1.798414878050486,0.22795125423702425
RandomForestClassifier,0.9273809523809523,0.015457911488607803,0.8425595238095238,0.17998531392548023,0.3393939393939394,0.11621865174560407,0.8935493549354936,0.04708408339617511,0.4680705723584981,0.1365556370764261,0.3364707469940185,0.03660773441408561
LogisticRegression,0.9017857142857143,1.1102230246251565e-16,0.0,0.0,0.0,0.0,0.6805130513051306,0.05731587245191317,0.0,0.0,0.01062108278274536,0.0021762667775805135
TabPFNClassifier,0.9273809523809523,0.01546408404342107,0.7939556277056278,0.16267527511470523,0.37575757575757573,0.117796194023526,0.8953345334533452,0.04554090596332804,0.4945961477463025,0.13245044983017992,0.7560987909634908,0.08280283302017473
