,accuracy mean,accuracy std,precision mean,precision std,recall mean,recall std,roc_auc mean,roc_auc std,f1 mean,f1 std,runtime mean,runtime std
XGBClassifier,0.9440178571428571,0.01284967285758134,0.4341904761904762,0.2891520841587781,0.21999999999999997,0.16068446363607103,0.7915880503144654,0.0915059883056223,0.27471545121545116,0.18118251710886507,0.03820604801177979,0.0417398088274296
MedPFNClassifier,0.9519642857142857,0.013107386876577703,0.607,0.3487171988836935,0.24833333333333335,0.161548662932142,0.8720754716981132,0.06676129225088878,0.33534559884559884,0.20230683695847498,0.7351835227012634,0.08090706290794941
MedPFNClassifier,0.8945535714285715,0.02353206252425553,0.2917154674101269,0.07645902648060765,0.6216666666666667,0.15999850587415892,0.8728144654088051,0.06342659551799569,0.3914997144328279,0.09468165806416576,0.7370633721351624,0.08638901864750895
RandomForestClassifier,0.9533035714285715,0.00830187982670838,0.6303333333333333,0.3609560248616826,0.1983333333333333,0.1281925950972765,0.8480424528301886,0.07209304624554556,0.28944083694083694,0.172190772514707,0.26348443269729616,0.02485527105610939
LogisticRegression,0.9464285714285714,0.0,0.0,0.0,0.0,0.0,0.6929088050314465,0.08971087994642683,0.0,0.0,0.009522948265075683,0.002324292594421194
TabPFNClassifier,0.9513392857142857,0.011727293709517587,0.5698809523809524,0.35797210810901076,0.22833333333333336,0.14338894582313172,0.8767059748427674,0.06192807546987043,0.3090614940614941,0.18623409331840596,0.7617688488960266,0.08169651100478537
