,accuracy mean,accuracy std,precision mean,precision std,recall mean,recall std,roc_auc mean,roc_auc std,f1 mean,f1 std,runtime mean,runtime std
XGBClassifier,0.9092261904761906,0.016015458650797378,0.49776695526695525,0.1558194296264418,0.32499999999999996,0.10552042545842834,0.8113725490196079,0.06917805973485792,0.3857498352467393,0.1169701607820952,0.07073211669921874,0.06552576146073844
MedPFNClassifier,0.9132440476190475,0.02390366359851606,0.533627576127576,0.14465538229397423,0.5183333333333333,0.14159174774981315,0.8651797385620914,0.0653539993346482,0.5148502831777836,0.1215956596874534,2.225836491584778,0.29449793472152214
MedPFNClassifier,0.6979166666666666,0.05210936942305814,0.21935439823278868,0.03376569521292035,0.9000000000000002,0.09550436976872727,0.8730228758169937,0.053687603731084214,0.35149399030506334,0.047113667749917904,2.2475717544555662,0.3047340298607411
RandomForestClassifier,0.9294642857142857,0.01336365303068568,0.7996626984126984,0.23916931902584396,0.2766666666666666,0.13225140054365644,0.864983660130719,0.05035857073296975,0.39259648575825046,0.16115493509678752,0.3872464895248413,0.04478249854377461
LogisticRegression,0.9107142857142857,1.1102230246251565e-16,0.0,0.0,0.0,0.0,0.6887091503267975,0.07441283391731776,0.0,0.0,0.01063929001490275,0.0011367028226004809
TabPFNClassifier,0.9287202380952381,0.015686408135553626,0.721878306878307,0.2346994308256156,0.30666666666666664,0.14821511701733722,0.8785294117647059,0.05783290833727159,0.41574072255573796,0.17201951147562167,0.9422046581904092,0.11320224626307583
