,accuracy mean,accuracy std,precision mean,precision std,recall mean,recall std,roc_auc mean,roc_auc std,f1 mean,f1 std,runtime mean,runtime std
XGBClassifier,0.8921875000000001,0.02155138877998832,0.6563240231990233,0.09399104524328815,0.5046875,0.11960335003961692,0.8444498697916667,0.05546262739889541,0.5645093436532355,0.10560653484759921,0.0580180048942566,0.06788584781097641
MedPFNClassifier,0.8993303571428571,0.019776265798911008,0.666022929598781,0.0836325204173866,0.609375,0.1258923549041449,0.8947591145833333,0.035542089710304675,0.6264639037626835,0.08935403533873376,2.2320309996604917,0.3103092766032779
MedPFNClassifier,0.7587053571428573,0.03386475981193826,0.3570647855567589,0.0427524862452306,0.8359375,0.08720141293754913,0.8734537760416667,0.045912814907844185,0.4988007641769189,0.04930997178549579,2.2029557883739472,0.2812106344146413
RandomForestClassifier,0.9022321428571428,0.01910786017613364,0.7995539876789878,0.13019877724513557,0.425,0.09392065089130644,0.8958414713541667,0.0367253973853234,0.5486236082896503,0.10049888613284695,0.5002407252788543,0.08987904906667425
LogisticRegression,0.8571428571428571,0.0,0.0,0.0,0.0,0.0,0.6781575520833334,0.0788747961139834,0.0,0.0,0.01601637005805969,0.003014099279410704
TabPFNClassifier,0.9051339285714285,0.019569941478214246,0.7829292929292929,0.111414531155668,0.475,0.11103150811190987,0.9026204427083333,0.0363791354546239,0.5831296969578151,0.0996900049329025,0.9037471234798431,0.10670599401085126
