,accuracy mean,accuracy std,precision mean,precision std,recall mean,recall std,roc_auc mean,roc_auc std,f1 mean,f1 std,runtime mean,runtime std
XGBClassifier,0.8651785714285714,0.025965996864867624,0.7040475483122544,0.09408951541334404,0.5424242424242425,0.0994459072296709,0.8596548821548821,0.03684847488581391,0.6076617930767915,0.08800862467199587,0.057612188657124835,0.06570356674316521
MedPFNClassifier,0.8815476190476191,0.03059300462862416,0.7202150637973167,0.09081027780866056,0.6681818181818181,0.11131899080079426,0.8934343434343436,0.044975657210707724,0.6864623881175286,0.08727729534980622,2.232715853055318,0.3241954059425394
MedPFNClassifier,0.7675595238095237,0.03928860829152581,0.45428966144748584,0.04935495001754394,0.8545454545454545,0.06291939159341714,0.8741077441077442,0.041815976821515756,0.5922208059703706,0.054892121544695506,2.214749582608541,0.2838241670778033
RandomForestClassifier,0.8910714285714286,0.02465051309766513,0.8403970043830725,0.08525956742834263,0.5499999999999999,0.0989949174624463,0.9057659932659933,0.040331800834790495,0.660869279938222,0.09151257603236944,0.5039292891820272,0.07514953366498776
LogisticRegression,0.8041666666666667,0.0011904761904761862,0.06666666666666667,0.13333333333333336,0.0030303030303030303,0.006060606060606061,0.6985521885521887,0.05427446484862756,0.005797101449275362,0.011594202898550725,0.016543785730997723,0.0047024902862537145
TabPFNClassifier,0.8925595238095237,0.027145046979665386,0.799448911941172,0.08735405240011444,0.6060606060606061,0.1103931149635282,0.9126599326599326,0.04230064837060991,0.6842502500352458,0.09747229957202552,0.9057338794072468,0.08512149432777187
