,accuracy mean,accuracy std,precision mean,precision std,recall mean,recall std,roc_auc mean,roc_auc std,f1 mean,f1 std,runtime mean,runtime std
XGBClassifier,0.8223214285714286,0.04418515368449507,0.7885143144831418,0.06813823043335633,0.7666666666666667,0.06610877680286006,0.8992371475953564,0.0312498893727295,0.7760034640493849,0.05704823871981478,0.055097222328186035,0.006304573205624387
MedPFNClassifier,0.8339285714285716,0.03174355149041283,0.8332998968849823,0.05945102845763121,0.74,0.05168757044272449,0.905837479270315,0.03652325669498875,0.7817189541273282,0.03926402661677793,2.213781452178955,0.3034171286334517
MedPFNClassifier,0.78125,0.05405289595594756,0.6888664461501584,0.05026979390708024,0.8266666666666668,0.09521904571390467,0.8459369817578773,0.0642195440833679,0.7507232878525343,0.06640400550712022,2.1907591581344605,0.30959878010964126
RandomForestClassifier,0.8357142857142857,0.028849097181077712,0.8245622694520129,0.05732891479094824,0.7555555555555555,0.029814239699997205,0.9180597014925374,0.027132091152643673,0.7875792059549661,0.03361121152412995,0.5727794408798218,0.11946179126326195
LogisticRegression,0.6508928571428572,0.019336078417596186,0.7030827067669173,0.06759881084612762,0.2311111111111111,0.051830683509736,0.7048092868988391,0.024520628966416807,0.3443149615607243,0.06117016302553814,0.01965675354003906,0.006989075889740565
TabPFNClassifier,0.8571428571428573,0.03411602352596931,0.8270692760033256,0.051187287149891784,0.8177777777777777,0.0484831649539365,0.9324378109452734,0.019935320554976644,0.8214993811547975,0.04185913974904521,0.8691859722137452,0.12662242862688994
