,accuracy mean,accuracy std,precision mean,precision std,recall mean,recall std,roc_auc mean,roc_auc std,f1 mean,f1 std,runtime mean,runtime std
XGBClassifier,0.9406249999999999,0.015736477328182223,0.526532738095238,0.27385546858397,0.29107142857142854,0.14909330579353305,0.8034863945578231,0.086760467973851,0.3620812520812521,0.18081080573996147,0.05058678984642029,0.058550655810158274
MedPFNClassifier,0.9390624999999999,0.017552172815302074,0.5444394841269841,0.224948468860086,0.39464285714285713,0.16974034554609704,0.835952380952381,0.08734386140826872,0.43699301193302736,0.16410053266797298,2.2624094754457476,0.3013700725809131
MedPFNClassifier,0.6479910714285714,0.050405442505928724,0.13679987577189615,0.023341486009645793,0.8482142857142857,0.1470936048079299,0.8384013605442177,0.0810841683146214,0.2347027608351759,0.03851719214166679,2.2567413777112963,0.29927726462261195
RandomForestClassifier,0.9494419642857143,0.009488462928936672,0.7308333333333332,0.2856651750413916,0.2482142857142857,0.14570431840328135,0.8399319727891156,0.08645244690370961,0.3521639471639472,0.17807608779958548,0.3190866559743881,0.0441608666249859
LogisticRegression,0.9375,0.0,0.0,0.0,0.0,0.0,0.6802551020408163,0.08276657665219342,0.0,0.0,0.01336941123008728,0.003109077465301204
TabPFNClassifier,0.9473214285714285,0.00896954838385982,0.7154166666666667,0.2539278202656369,0.23749999999999993,0.13005052885058982,0.8556632653061225,0.07998925315233367,0.33665501165501166,0.1535240505706014,0.9497548401355743,0.12772123491993184
