,accuracy mean,accuracy std,precision mean,precision std,recall mean,recall std,roc_auc mean,roc_auc std,f1 mean,f1 std,runtime mean,runtime std
XGBClassifier,0.9120535714285714,0.019394501824734938,0.5898685573685574,0.16860853382315666,0.39393939393939387,0.12080816484048797,0.8317131713171316,0.06799587147191614,0.4570255618707631,0.11810837564192196,0.09886512358983358,0.08045769885358693
MedPFNClassifier,0.9145833333333333,0.023013339053185807,0.5812747179291297,0.14287369499572022,0.5712121212121213,0.12240126333645507,0.882028202820282,0.059281910016581396,0.5661620072887964,0.11077237140515463,2.2201420148213704,0.29480594640217544
MedPFNClassifier,0.732440476190476,0.040388438631291386,0.25521159208581307,0.03863655551477022,0.868181818181818,0.10393292004949956,0.8713621362136214,0.05801176455835905,0.3929646090329912,0.05352020554788372,2.2323938727378843,0.2999818373620489
RandomForestClassifier,0.9287202380952381,0.014144471926186267,0.8674272486772487,0.15602657735509173,0.343939393939394,0.1106927992596277,0.8935718571857185,0.045812537552155363,0.4745775811449186,0.12779640100156028,0.4252983967463176,0.0641874588628908
LogisticRegression,0.9017857142857143,1.1102230246251565e-16,0.0,0.0,0.0,0.0,0.6805130513051306,0.05731587245191317,0.0,0.0,0.01404795249303182,0.00342734764225438
TabPFNClassifier,0.9273809523809523,0.01546408404342107,0.7939556277056278,0.16267527511470523,0.37575757575757573,0.117796194023526,0.8953345334533452,0.04554090596332804,0.4945961477463025,0.13245044983017992,0.9184733947118122,0.10522320318907628
