,accuracy mean,accuracy std,precision mean,precision std,recall mean,recall std,roc_auc mean,roc_auc std,f1 mean,f1 std,runtime mean,runtime std
XGBClassifier,0.9541666666666667,0.011968244669913081,0.4646296296296296,0.3488299874369696,0.2222222222222222,0.16182173788295956,0.8038525441329178,0.10995969074298662,0.28298380631713965,0.19499888653893593,0.04995012548234727,0.03223556089171278
MedPFNClassifier,0.9593253968253967,0.013146221333631098,0.5680026455026455,0.29360585126390537,0.3711111111111111,0.21978211115611448,0.8599065420560748,0.07178810683157777,0.41642369975703303,0.21582409590764462,2.247789483600193,0.295974612498418
MedPFNClassifier,0.6682539682539682,0.05527067245552897,0.11117539221011641,0.02004491857360665,0.8511111111111112,0.12937006640707246,0.8540913811007269,0.07211839866376976,0.19522742926179049,0.03302885453288012,2.2369388527340357,0.3036980869839388
RandomForestClassifier,0.9601190476190476,0.008817744807083758,0.5074074074074074,0.4559378527731128,0.16444444444444448,0.16097853556332134,0.8453374870197299,0.08202829324046372,0.23880070546737212,0.22273413369648726,0.34451719390021424,0.031299505728488275
LogisticRegression,0.9553571428571429,0.0,0.0,0.0,0.0,0.0,0.6695223260643821,0.09815555731293663,0.0,0.0,0.011136656337314182,0.0023745825440114905
TabPFNClassifier,0.9614087301587302,0.010964477483974354,0.6240740740740741,0.40280109890061033,0.22888888888888895,0.16981191737211127,0.8701869158878506,0.07971571364659222,0.32111992945326284,0.22253168003016535,0.9210890822940403,0.09640781943819983
