,accuracy mean,accuracy std,precision mean,precision std,recall mean,recall std,roc_auc mean,roc_auc std,f1 mean,f1 std,runtime mean,runtime std
XGBClassifier,0.9651785714285713,0.010069123033700873,0.4707407407407407,0.3277372832140327,0.25,0.1826245676379804,0.7941358024691358,0.11530093000530399,0.31232804232804234,0.2159089350061837,0.054205950101216635,0.06163396029927045
MedPFNClassifier,0.9635912698412699,0.008650399778586454,0.4596296296296296,0.3246947750298235,0.25,0.17349911857494835,0.8680041152263375,0.07982975617282882,0.3028218694885361,0.19607099079157475,2.23621870941586,0.29314166037349193
MedPFNClassifier,0.6847222222222222,0.06243491423659724,0.09765808041914553,0.02714317856269501,0.8361111111111111,0.16756242324606976,0.856687242798354,0.0823961465184871,0.17215255839474672,0.04443740223431862,2.2542564286126034,0.3054934453012806
RandomForestClassifier,0.9683531746031746,0.00692829384516859,0.4962962962962963,0.43305375183824213,0.17777777777777778,0.15777213266683596,0.854295267489712,0.09714586984718993,0.2521693121693122,0.2150758904945254,0.33798153665330677,0.03229686882040502
LogisticRegression,0.9642857142857143,1.1102230246251565e-16,0.0,0.0,0.0,0.0,0.6673096707818931,0.12354250077944323,0.0,0.0,0.011239014731513128,0.0022391005753914944
TabPFNClassifier,0.9683531746031746,0.005530600729734977,0.48629629629629634,0.3521537720603283,0.20555555555555557,0.1668261428312066,0.8786522633744857,0.07763005377519988,0.2752910052910053,0.20291457451944803,0.93189340962304,0.10649582524413329
