,accuracy mean,accuracy std,precision mean,precision std,recall mean,recall std,roc_auc mean,roc_auc std,f1 mean,f1 std,runtime mean,runtime std
XGBClassifier,0.7973214285714285,0.019984847576428034,0.7985794629272508,0.017636186797444237,0.7964285714285714,0.05248906591678238,0.8799266581632652,0.01721664902870833,0.7963419423908753,0.025913379871258656,0.06966555118560791,0.018830310933780795
MedPFNClassifier,0.8089285714285713,0.041148995077867546,0.8134977581028873,0.04133826759835249,0.8035714285714286,0.05976143046671971,0.8969706632653061,0.023640184620395875,0.8073612395076732,0.0425636071538508,2.8554912328720095,0.8032611703507756
MedPFNClassifier,0.7642857142857143,0.04229542600831077,0.7818603516258056,0.04518940596082366,0.7357142857142858,0.07178482586514921,0.8375956632653063,0.0337001074725511,0.7561802922795805,0.04744446505413529,2.2419955492019654,0.29804230683318456
RandomForestClassifier,0.84375,0.02595436045312258,0.8454038384009518,0.016897434641587793,0.8410714285714285,0.04687287410145246,0.9182876275510203,0.0210370084436636,0.8427562648062505,0.029163419575526754,0.4662376880645752,0.013325589778493945
LogisticRegression,0.6705357142857143,0.021669037677699274,0.6796415250659346,0.030826830691272362,0.6517857142857142,0.0625,0.7254464285714285,0.03565102359894658,0.6629805257944955,0.0307649655677412,0.009969973564147949,0.002292883371202498
TabPFNClassifier,0.8392857142857144,0.03503824441133678,0.8317274118108786,0.025893810714957055,0.85,0.0554434810580715,0.9208864795918366,0.020773324501433033,0.8402807092906395,0.0379809254379653,0.9382855653762817,0.11588578164993218
