,accuracy mean,accuracy std,precision mean,precision std,recall mean,recall std,roc_auc mean,roc_auc std,f1 mean,f1 std,runtime mean,runtime std
XGBClassifier,0.8392857142857142,0.03033686645127396,0.7721573844127889,0.06396594420986011,0.6484848484848484,0.07300322017971078,0.8759877253548138,0.03466649162280708,0.702806747366767,0.05822542940276765,0.13735817670822142,0.1342877859188099
MedPFNClassifier,0.8491071428571428,0.029580940867990388,0.7948090515250164,0.05911452027466122,0.6621212121212121,0.08230379476209392,0.8903528960490985,0.026561703972265233,0.719426821137006,0.058648969009504635,2.2042047023773192,0.28968098215552873
MedPFNClassifier,0.7589285714285714,0.041505980271895546,0.5637722606565014,0.04945155593278096,0.843939393939394,0.07287404271903715,0.8488876102800154,0.03211870078224288,0.6742305548634925,0.04780935352764373,2.2007848381996156,0.2874502306601654
RandomForestClassifier,0.8607142857142858,0.028326586528282884,0.8595710721606584,0.07312235272798176,0.634848484848485,0.06615063550532087,0.9074606827771385,0.03281024864899501,0.727275205386701,0.055363561345619365,0.5477547764778137,0.06678510574075046
LogisticRegression,0.702232142857143,0.006856168165893104,0.15000000000000002,0.3500000000000001,0.004545454545454545,0.010606060606060605,0.6770617568085922,0.04565453749444768,0.008823529411764706,0.020588235294117647,0.011901712417602538,0.001991400727994068
TabPFNClassifier,0.860267857142857,0.027706836204630506,0.8121087395370414,0.06664019153745895,0.6893939393939394,0.057445180351601025,0.9088224012274646,0.02768772884808591,0.7437298489504587,0.04807802001369979,0.909730863571167,0.1138536006250191
