,accuracy mean,accuracy std,precision mean,precision std,recall mean,recall std,roc_auc mean,roc_auc std,f1 mean,f1 std,runtime mean,runtime std
XGBClassifier,0.9315051020408164,0.012443912579648211,0.5327272727272728,0.2164880702191024,0.33035714285714285,0.1426907980211923,0.8147664835164835,0.07661240279556114,0.38722727049352434,0.1395466596380204,0.05166393688746861,0.03623392641548558
MedPFNClassifier,0.9318877551020408,0.01609130637792749,0.5586454815026245,0.1376291220889082,0.4982142857142858,0.1435138486808678,0.8564903846153846,0.06620866403338908,0.5036682841246038,0.11076315653536599,2.2534346648624966,0.3083188769869804
MedPFNClassifier,0.6946428571428571,0.0395287653478907,0.17555593373630446,0.02303488311572221,0.8660714285714286,0.10987043041453373,0.8598214285714285,0.04723716909699616,0.29095213696303085,0.035163621366583256,2.2503779785973688,0.2968933266500503
RandomForestClassifier,0.945280612244898,0.013040238609449565,0.7758163265306123,0.270811261495482,0.29285714285714287,0.14731886154260687,0.8629206730769231,0.0644772235943935,0.41129965272822416,0.17928252931238017,0.3618689298629761,0.045648828304192916
LogisticRegression,0.9285714285714287,0.0,0.0,0.0,0.0,0.0,0.6663804945054945,0.07091929040943931,0.0,0.0,0.010806519644601007,0.0019606622577864503
TabPFNClassifier,0.9440051020408163,0.012520159499588377,0.8125510204081632,0.21513167299730118,0.29642857142857143,0.13778006606400664,0.8762534340659339,0.054858035295393445,0.4118559218559219,0.1581357588133669,0.938419611113412,0.10153749248764901
