,accuracy mean,accuracy std,precision mean,precision std,recall mean,recall std,roc_auc mean,roc_auc std,f1 mean,f1 std,runtime mean,runtime std
XGBClassifier,0.9440178571428571,0.01284967285758134,0.4341904761904762,0.2891520841587781,0.21999999999999997,0.16068446363607103,0.7915880503144654,0.0915059883056223,0.27471545121545116,0.18118251710886507,0.06067898988723754,0.06194986819413818
MedPFNClassifier,0.9451785714285714,0.015173759921689858,0.507015873015873,0.20691974659062257,0.40666666666666673,0.16021517546716035,0.8636163522012579,0.06659399312797146,0.4351817904317904,0.15702569075026426,2.262465741634369,0.295223515597102
MedPFNClassifier,0.6622321428571427,0.05809544758982198,0.13004674795619525,0.02344926883873321,0.8933333333333333,0.10018700215148676,0.8615251572327045,0.06379058456475946,0.22611395573401594,0.036877993667464,2.255805027484894,0.3037706331214358
RandomForestClassifier,0.9526785714285714,0.008627010201625474,0.5918333333333333,0.3869897906775921,0.18999999999999997,0.12805266269847337,0.840746855345912,0.07804212616555847,0.27624819624819624,0.17627599578221342,0.3289361929893494,0.040299024713141715
LogisticRegression,0.9464285714285714,0.0,0.0,0.0,0.0,0.0,0.6929088050314465,0.08971087994642683,0.0,0.0,0.012732810974121095,0.003360000047262157
TabPFNClassifier,0.9513392857142857,0.011727293709517587,0.5698809523809524,0.35797210810901076,0.22833333333333336,0.14338894582313172,0.8767059748427674,0.06192807546987043,0.3090614940614941,0.18623409331840596,0.9376343560218808,0.1091167351773269
