,accuracy mean,accuracy std,precision mean,precision std,recall mean,recall std,roc_auc mean,roc_auc std,f1 mean,f1 std,runtime mean,runtime std
XGBClassifier,0.9717261904761906,0.007489685508236831,0.2555555555555556,0.2642766751457932,0.14074074074074072,0.1568201981970747,0.781379544682297,0.12050422908399867,0.17492063492063492,0.1853385373718202,0.05171707736121284,0.04391017997584156
MedPFNClassifier,0.973611111111111,0.007090829826001268,0.34259259259259267,0.371070314839127,0.16296296296296298,0.17681115719348822,0.8449541284403669,0.10372325235324165,0.21227513227513228,0.22733968155284442,2.233011221885681,0.30087696713284917
MedPFNClassifier,0.7893849206349206,0.04244857598099018,0.0885114662640175,0.030450585881229206,0.6814814814814816,0.2213827147389201,0.8154943934760448,0.10360187555603106,0.15510071437513798,0.0514234442447912,2.2173798269695704,0.2998599392789982
RandomForestClassifier,0.9740079365079366,0.004184877557317159,0.2111111111111111,0.29536195216617606,0.07037037037037036,0.09845398405539199,0.8156642881413524,0.11356998086251956,0.10555555555555556,0.14768097608308803,0.3612664567099677,0.041942157245824646
LogisticRegression,0.9732142857142857,1.1102230246251565e-16,0.0,0.0,0.0,0.0,0.6431872239211689,0.1332901424039968,0.0,0.0,0.014351810349358451,0.0029646143588786577
TabPFNClassifier,0.9745039682539685,0.004966530301259536,0.25555555555555554,0.37517436660216064,0.1074074074074074,0.15574065123130676,0.8521661569826708,0.09821911555605974,0.14777777777777776,0.21262989006066538,0.9229858345455594,0.10875496233941613
