,accuracy mean,accuracy std,precision mean,precision std,recall mean,recall std,roc_auc mean,roc_auc std,f1 mean,f1 std,runtime mean,runtime std
XGBClassifier,0.9817460317460319,0.004957117113302618,0.12222222222222223,0.21111111111111114,0.07222222222222223,0.12116805375503698,0.7759848484848484,0.1512942609142317,0.08888888888888889,0.1499629481362844,0.057135491900973855,0.06833284767914354
MedPFNClassifier,0.9822420634920636,0.0037959572950853615,0.12777777777777777,0.18333333333333335,0.07777777777777778,0.1111111111111111,0.8275252525252526,0.143725727291423,0.09444444444444443,0.13458875066390022,2.215452973047892,0.2951016552942445
MedPFNClassifier,0.7744047619047619,0.05623526007344796,0.05219677065968654,0.027916645986438688,0.6444444444444444,0.2813221773767121,0.7776262626262628,0.16745682329603767,0.09511172723399552,0.049095234703871615,2.215346842341953,0.2991905111711754
RandomForestClassifier,0.9825396825396826,0.001942715842753564,0.07777777777777778,0.13980639661062047,0.03888888888888889,0.06990319830531024,0.8156565656565656,0.15320359492553318,0.05185185185185185,0.0932042644070803,0.36924116876390245,0.03906662906697448
LogisticRegression,0.9821428571428571,0.0,0.0,0.0,0.0,0.0,0.6256565656565657,0.15349405363507312,0.0,0.0,0.011528658866882324,0.0026543371905318604
TabPFNClassifier,0.9822420634920636,0.0033088199711532673,0.1222222222222222,0.21941918983186132,0.0611111111111111,0.10970959491593066,0.8284217171717172,0.15551631137981559,0.08148148148148149,0.14627945988790753,0.9258601983388266,0.10057723014386027
