,accuracy mean,accuracy std,precision mean,precision std,recall mean,recall std,roc_auc mean,roc_auc std,f1 mean,f1 std,runtime mean,runtime std
XGBClassifier,0.9907738095238096,0.001829712227839041,0.05555555555555555,0.05555555555555555,0.05555555555555555,0.05555555555555555,0.7466966966966966,0.21481188997673822,0.05555555555555555,0.05555555555555555,0.06644322077433268,0.06073806376513381
MedPFNClassifier,0.991170634920635,0.0012482713983091125,0.044444444444444446,0.0888888888888889,0.044444444444444446,0.0888888888888889,0.857057057057057,0.1537771019474594,0.044444444444444446,0.0888888888888889,2.2196566025416056,0.30413170624580765
MedPFNClassifier,0.843452380952381,0.041500357354306745,0.04449853950150884,0.04056753085831678,0.5,0.44938517268407324,0.8217217217217218,0.15215174072280016,0.07882548368073147,0.0711508613310183,2.19079564942254,0.2793628431544411
RandomForestClassifier,0.9912698412698414,0.0003968253968253954,0.022222222222222223,0.04444444444444445,0.022222222222222223,0.04444444444444445,0.7944444444444445,0.20576444633592744,0.022222222222222223,0.04444444444444445,0.35198217233022056,0.048475442351599674
LogisticRegression,0.9910714285714286,0.0,0.0,0.0,0.0,0.0,0.6142142142142143,0.2101418791256104,0.0,0.0,0.01199467447068956,0.0025298475500567966
TabPFNClassifier,0.9913690476190476,0.001091269841269841,0.05555555555555555,0.08888888888888889,0.06666666666666668,0.09887754983962618,0.8624624624624624,0.15646210860749402,0.05925925925925926,0.09129300237286489,0.9207167042626276,0.09970960389349977
