,accuracy mean,accuracy std,precision mean,precision std,recall mean,recall std,roc_auc mean,roc_auc std,f1 mean,f1 std,runtime mean,runtime std
MajorityClass,0.9464285714285714,0.0,0.0,0.0,0.0,0.0,0.5,0.0,0.0,0.0,7.993459701538087e-05,0.0001998665032484404
XGBClassifier,0.9469642857142857,0.01115818937486831,0.4769047619047619,0.29369075901339414,0.25000000000000006,0.1763333836776084,0.7948270440251572,0.09858955042503303,0.3063861138861139,0.18897256403982932,0.009040222167968749,0.0012908854594162779
MedPFNClassifier,0.9465178571428572,0.009506264776423686,0.45055555555555554,0.3243347822247561,0.17833333333333332,0.13551226037133018,0.8288128930817612,0.07385972029384508,0.23720562770562767,0.16161672595183207,0.2748762893676758,0.03223120905093927
MedPFNClassifier,0.9529464285714285,0.009105851909897694,0.5216666666666667,0.3710219964739398,0.21333333333333332,0.17374005278998994,0.8617216981132076,0.06836933714575527,0.28299062049062046,0.2103275849632083,2.968113570213318,0.2365950655794124
MedPFNClassifier,0.9528571428571428,0.009708043744178121,0.5610714285714284,0.3318532721690055,0.255,0.1790471989464673,0.8599606918238993,0.06832173162700353,0.32434848484848483,0.20371070542135014,7.545868859291076,0.33362191872247515
RandomForestClassifier,0.9507142857142856,0.00968263705045119,0.47483333333333333,0.34996997274081537,0.16333333333333333,0.1453251532568825,0.8451729559748428,0.07221255623059412,0.2308023088023088,0.19106886868571976,0.19515786647796632,0.008107851560447304
LogisticRegressionClassifier,0.9291071428571428,0.013791278603275711,0.31938888888888894,0.15219219643839205,0.2783333333333333,0.1464664590098034,0.7123191823899371,0.10131435894587004,0.29050310800310797,0.1436249783493013,0.0069100379943847655,0.0007989623552900511
