,accuracy mean,accuracy std,precision mean,precision std,recall mean,recall std,roc_auc mean,roc_auc std,f1 mean,f1 std,runtime mean,runtime std
MajorityClass,0.9464285714285714,0.0,0.0,0.0,0.0,0.0,0.5,0.0,0.0,0.0,8.00156593322754e-05,0.00020005228442556048
XGBClassifier,0.9477678571428572,0.014703882200427149,0.5823095238095237,0.28886152377042273,0.29166666666666663,0.14905102393880598,0.8044103773584906,0.0827249843084584,0.3653836163836164,0.17331646394852296,0.009800221920013428,0.0013985508712917342
MedPFNClassifier,0.9488392857142858,0.010035663078621096,0.5505,0.30821708888378796,0.22166666666666668,0.12989539261373725,0.8290959119496856,0.08316664491799929,0.2967049062049062,0.1591367450327387,0.2779229044914246,0.030857544770045365
MedPFNClassifier,0.9577678571428571,0.01092423981647472,0.7479999999999999,0.29667516197689175,0.29333333333333333,0.16414615125080945,0.8620597484276729,0.07994219448675025,0.40175541125541125,0.1936194824863068,3.0575448155403135,0.2137802405285548
MedPFNClassifier,0.9513392857142857,0.013737466520971128,0.5857539682539683,0.2468115716447156,0.36833333333333335,0.18291436154969815,0.8585220125786164,0.07774854833602844,0.42848124098124096,0.18643939400306828,22.724810986518857,1.6853199661767306
RandomForestClassifier,0.9525892857142857,0.009705028523831687,0.6266666666666667,0.3791325691878361,0.1933333333333333,0.1342082657980543,0.8522169811320754,0.08371067684981086,0.28313492063492063,0.18199798632530545,0.1887257385253906,0.006953016597336563
LogisticRegressionClassifier,0.9340178571428572,0.017131309526523503,0.3857103174603175,0.19094518455216283,0.31333333333333335,0.150549533680488,0.7519654088050315,0.11398176901880128,0.333862914862915,0.15426113387339013,0.006900172233581543,0.0009098891836377944
