,accuracy mean,accuracy std,precision mean,precision std,recall mean,recall std,roc_auc mean,roc_auc std,f1 mean,f1 std,runtime mean,runtime std
MedPFNClassifier,0.9458035714285714,0.015208722802906294,0.49728463203463197,0.2734057319647626,0.31833333333333336,0.1896316289343209,0.8012106918238994,0.10244373650870597,0.3618127526068703,0.190702503477657,0.27790511846542354,0.1434749092817455
RandomForestClassifier,0.9532142857142857,0.010385620257349825,0.6199999999999999,0.3768755304687211,0.2033333333333333,0.14605380985294955,0.852004716981132,0.08745963328819627,0.2935714285714286,0.19528792448568638,0.2171914625167847,0.021172844608217146
LogisticRegressionClassifier,0.9340178571428572,0.017131309526523503,0.3857103174603175,0.19094518455216283,0.31333333333333335,0.150549533680488,0.7519654088050315,0.11398176901880128,0.333862914862915,0.15426113387339013,0.017530844211578363,0.019185702624487145
TabPFNClassifier,0.9546428571428572,0.010279855241311111,0.6649999999999999,0.3150611060397252,0.24333333333333335,0.14864442812254486,0.8623427672955974,0.07980714927773644,0.3415670995670995,0.18986673868862847,2.953057470321655,0.2477813181925784
