,accuracy mean,accuracy std,precision mean,precision std,recall mean,recall std,roc_auc mean,roc_auc std,f1 mean,f1 std,runtime mean,runtime std
MedPFNClassifier,0.9458035714285714,0.015208722802906294,0.49728463203463197,0.2734057319647626,0.31833333333333336,0.1896316289343209,0.8012106918238994,0.10244373650870597,0.3618127526068703,0.190702503477657,0.1819835615158081,0.021414025238793724
MedPFNClassifier,0.9542857142857143,0.013952279242695894,0.6384047619047619,0.27216878372142217,0.32499999999999996,0.20104095303228248,0.8471855345911949,0.07699159798912458,0.40783682983682984,0.21830886059438245,1.292792158126831,0.07322209628256945
MedPFNClassifier,0.953125,0.013730211066236061,0.5904285714285713,0.22576987371083507,0.3866666666666666,0.20454864832647815,0.8525471698113207,0.07553451525331943,0.4459707514707515,0.20251667796852332,7.646900036334992,0.7088830313466425
RandomForestClassifier,0.9538392857142857,0.009910234885667732,0.6526666666666667,0.3716357265037909,0.20999999999999996,0.14233305296103455,0.850880503144654,0.08222941797672594,0.30468470418470417,0.18938958911313983,0.20541835069656372,0.010263778388450157
LogisticRegressionClassifier,0.9340178571428572,0.017131309526523503,0.3857103174603175,0.19094518455216283,0.31333333333333335,0.150549533680488,0.7519654088050315,0.11398176901880128,0.333862914862915,0.15426113387339013,0.008761434555053712,0.0011505599810818338
TabPFNClassifier,0.9546428571428572,0.010279855241311111,0.6649999999999999,0.3150611060397252,0.24333333333333335,0.14864442812254486,0.8623427672955974,0.07980714927773644,0.3415670995670995,0.18986673868862847,3.3332988905906675,0.33497869002872904
TabForestPFNClassifier,0.9491071428571429,0.013439405592031379,0.5412777777777777,0.252791091861526,0.3166666666666667,0.1674402775922448,0.8556761006289308,0.07438011814823733,0.38512998112998115,0.18331436060600625,23.77427790403366,2.802039224238394
