,accuracy mean,accuracy std,precision mean,precision std,recall mean,recall std,roc_auc mean,roc_auc std,f1 mean,f1 std,runtime mean,runtime std
MajorityClass,0.9464285714285714,0.0,0.0,0.0,0.0,0.0,0.5,0.0,0.0,0.0,9.9945068359375e-05,0.00029983520507812503
MedPFNClassifier,0.9455357142857143,0.0026785714285714195,0.0,0.0,0.0,0.0,0.7810534591194969,0.0656710111663168,0.0,0.0,0.285158109664917,0.035082815220457884
MedPFNClassifier,0.9410714285714287,0.01656003302767092,0.3833333333333333,0.40858835573770874,0.11666666666666665,0.1301708279317776,0.8388364779874214,0.06137490553724791,0.17103174603174603,0.1811928400933199,1.6979249954223632,0.12724206604906138
MedPFNClassifier,0.9508928571428571,0.010751423731064557,0.5029761904761905,0.19422008841457203,0.4333333333333334,0.2380476142847617,0.8367138364779875,0.06606024062475596,0.44954822954822954,0.19546897002291153,12.035149216651917,0.7347782287386443
RandomForestClassifier,0.9410714285714287,0.0059225442684917645,0.15833333333333333,0.2056493779875511,0.06666666666666667,0.0816496580927726,0.8596698113207546,0.08358086678819462,0.09222222222222223,0.11372481406154654,0.21009962558746337,0.013337633831052683
LogisticRegressionClassifier,0.9392857142857143,0.011151782139997131,0.34500000000000003,0.21615966321217286,0.26666666666666666,0.18559214542766742,0.7279088050314465,0.05935659543022327,0.2990909090909091,0.1976075917837635,0.0077000617980957035,0.0006404824914149143
TabPFNClassifier,0.9419642857142858,0.012783768806496773,0.2733333333333333,0.3495393794378221,0.11666666666666667,0.13017082793177756,0.8474056603773585,0.06496627217496546,0.1538239538239538,0.17498342671101347,2.906705641746521,0.21983256489707823
TabForestPFNClassifier,0.9330357142857142,0.025332608855555546,0.4171139971139971,0.2711902081253857,0.33333333333333337,0.16666666666666669,0.856996855345912,0.05573500176424627,0.3553251976781388,0.19122127129861902,22.537245988845825,5.076932003172602
