,accuracy mean,accuracy std,precision mean,precision std,recall mean,recall std,roc_auc mean,roc_auc std,f1 mean,f1 std,runtime mean,runtime std
MajorityClass,0.9464285714285714,0.0,0.0,0.0,0.0,0.0,0.5,0.0,0.0,0.0,9.987354278564453e-05,0.0002996206283569336
MedPFNClassifier,0.9464285714285714,0.0,0.0,0.0,0.0,0.0,0.46957547169811314,0.07993705898142449,0.0,0.0,0.25390608310699464,0.0034471741434027496
MedPFNClassifier,0.9464285714285714,0.0,0.0,0.0,0.0,0.0,0.7508647798742139,0.0697327044025157,0.0,0.0,1.5496519088745118,0.019940263883179137
MedPFNClassifier,0.9464285714285714,0.0,0.0,0.0,0.0,0.0,0.7676886792452831,0.07134038703814456,0.0,0.0,10.24540319442749,0.08909083708782256
RandomForestClassifier,0.9464285714285714,0.0,0.0,0.0,0.0,0.0,0.7838050314465409,0.10139071424567346,0.0,0.0,0.23809962272644042,0.007021061921618744
LogisticRegressionClassifier,0.9232142857142858,0.009942436362196482,0.06666666666666667,0.13333333333333333,0.03333333333333333,0.06666666666666667,0.5439465408805031,0.08334701590532191,0.04444444444444444,0.08888888888888888,0.006500101089477539,0.0006703812228478795
TabPFNClassifier,0.9464285714285714,0.0,0.0,0.0,0.0,0.0,0.7675314465408805,0.08648231121266266,0.0,0.0,2.3933026790618896,0.017564567186094098
TabForestPFNClassifier,0.9446428571428571,0.0035714285714285587,0.0,0.0,0.0,0.0,0.7917452830188679,0.04660623757480237,0.0,0.0,17.133030319213866,0.625513160496661
