,accuracy mean,accuracy std,precision mean,precision std,recall mean,recall std,roc_auc mean,roc_auc std,f1 mean,f1 std,runtime mean,runtime std
MajorityClass,0.9464285714285714,0.0,0.0,0.0,0.0,0.0,0.5,0.0,0.0,0.0,0.0,0.0
MedPFNClassifier,0.9446428571428571,0.0035714285714285587,0.0,0.0,0.0,0.0,0.7866352201257861,0.055545888364240806,0.0,0.0,0.4170006513595581,0.04336831722293681
MedPFNClassifier,0.9455357142857144,0.010898710371190818,0.4833333333333333,0.4096068575814836,0.15,0.11666666666666665,0.8481132075471699,0.05073624316010388,0.2146031746031746,0.16106348502411363,2.2173352241516113,0.07317797191298625
MedPFNClassifier,0.9526785714285714,0.010602091149141008,0.6109523809523809,0.19116304731196448,0.41666666666666663,0.15365907428821476,0.8388364779874214,0.0543363559610927,0.4769153069153068,0.12720912088554337,17.61162872314453,1.621053808229215
RandomForestClassifier,0.9375,0.0097807599554494,0.1,0.20000000000000004,0.03333333333333333,0.06666666666666667,0.8583333333333334,0.08541426979303127,0.05,0.10000000000000002,0.2141491413116455,0.013662163332434835
LogisticRegressionClassifier,0.9419642857142858,0.013392857142857132,0.39,0.2527844931952907,0.24999999999999994,0.1707825127659933,0.7444968553459119,0.11942080085525934,0.3013636363636364,0.20162613712897867,0.009599447250366211,0.0012005569432724074
TabPFNClassifier,0.9410714285714287,0.012111303541295144,0.3233333333333333,0.25950808165535894,0.15,0.11666666666666665,0.843867924528302,0.06033742291686186,0.20025252525252527,0.1573742965589578,3.6415778398513794,0.06347548451794342
TabForestPFNClassifier,0.93125,0.027096412331238426,0.38416666666666666,0.2677179797224435,0.2833333333333333,0.18333333333333332,0.8358490566037735,0.07950814942462066,0.3141847041847042,0.21049738033981882,22.459721565246582,3.6031835965311694
