,accuracy mean,accuracy std,precision mean,precision std,recall mean,recall std,roc_auc mean,roc_auc std,f1 mean,f1 std,runtime mean,runtime std
MajorityClass,0.9464285714285714,0.0,0.0,0.0,0.0,0.0,0.5,0.0,0.0,0.0,0.00010001659393310547,0.0003000497817993164
MedPFNClassifier,0.9473214285714284,0.00625000000000002,0.4,0.43588989435406733,0.11666666666666665,0.1301708279317776,0.870125786163522,0.07109005092398088,0.1657142857142857,0.17037773161000658,0.7218220710754395,0.29940277935538046
MedPFNClassifier,0.95,0.008183170883849735,0.5333333333333333,0.3929942040850532,0.19999999999999998,0.1452966314513558,0.9185534591194969,0.054665449601076284,0.276031746031746,0.19141363231080677,2.6734189987182617,0.3867454746463605
MedPFNClassifier,0.9491071428571429,0.009821428571428582,0.5525,0.11702623162731031,0.4166666666666667,0.17078251276599332,0.9166666666666667,0.060956830110000394,0.45604617604617603,0.10508069274327485,21.32690622806549,2.05981795075056
RandomForestClassifier,0.95,0.012752550765255085,0.35,0.39051248379533277,0.1833333333333333,0.21666666666666665,0.8934748427672957,0.06636565968311198,0.23500000000000001,0.2683747380063929,0.20903241634368896,0.0208892626208185
LogisticRegressionClassifier,0.9392857142857143,0.013716331692622536,0.39285714285714285,0.24467109673647863,0.21666666666666665,0.15,0.8251572327044026,0.09550071649880919,0.2694871794871795,0.16863479622910854,0.00950014591217041,0.0048840611778451564
TabPFNClassifier,0.9464285714285715,0.01785714285714287,0.37333333333333335,0.39687669509699247,0.2,0.19436506316151,0.9058176100628931,0.05693235343951501,0.2585858585858586,0.2610363685691005,2.9512311697006224,0.2785652371030584
TabForestPFNClassifier,0.9383928571428571,0.016194961738586654,0.401984126984127,0.192973460905267,0.36666666666666664,0.1632993161855452,0.8836477987421384,0.04590010185718957,0.3758119658119658,0.1690679740158555,21.325678658485412,0.9256476292527949
