,accuracy mean,accuracy std,precision mean,precision std,recall mean,recall std,roc_auc mean,roc_auc std,f1 mean,f1 std,runtime mean,runtime std
MajorityClass,0.9464285714285714,0.0,0.0,0.0,0.0,0.0,0.5,0.0,0.0,0.0,9.989738464355469e-05,0.00029969215393066406
MedPFNClassifier,0.9419642857142856,0.004464285714285698,0.18333333333333332,0.22912878474779197,0.06666666666666667,0.0816496580927726,0.7902515723270441,0.1647093444525661,0.09722222222222222,0.11931517552730295,0.24660379886627198,0.00933175327941678
MedPFNClassifier,0.9419642857142858,0.004464285714285698,0.21666666666666665,0.2242270674512285,0.08333333333333333,0.08333333333333334,0.8275157232704402,0.1109578394811305,0.11944444444444444,0.11983141450068328,1.5793013334274293,0.029956591959269103
MedPFNClassifier,0.9419642857142858,0.007198444418123701,0.21833333333333335,0.2359908190304586,0.11666666666666667,0.15,0.8166666666666667,0.12489305579044911,0.14676767676767674,0.17219055368068104,10.248901081085204,0.05469606960033507
RandomForestClassifier,0.9473214285714284,0.00480818286351297,0.2,0.4000000000000001,0.03333333333333333,0.06666666666666667,0.8202830188679245,0.09164198617013768,0.05714285714285714,0.11428571428571428,0.27289934158325196,0.02212884503789452
LogisticRegressionClassifier,0.93125,0.008035714285714285,0.19904761904761908,0.20056383108660458,0.18333333333333332,0.20344259359556172,0.5756289308176101,0.20815312010953999,0.18725718725718726,0.19728874451690978,0.006900405883789063,0.0005383361345175358
TabPFNClassifier,0.9428571428571428,0.004374088826398516,0.06666666666666667,0.13333333333333333,0.03333333333333333,0.06666666666666667,0.8529874213836479,0.06440114145792,0.04444444444444444,0.08888888888888888,2.422803544998169,0.02971152248564929
TabForestPFNClassifier,0.9357142857142857,0.008748177652797066,0.19,0.19553345834749952,0.09999999999999999,0.11055415967851333,0.8619496855345913,0.03393313449110996,0.12803030303030302,0.13377666768405977,16.312128162384035,0.39191609484661843
