,accuracy mean,accuracy std,precision mean,precision std,recall mean,recall std,roc_auc mean,roc_auc std,f1 mean,f1 std,runtime mean,runtime std
MajorityClass,0.9464285714285714,0.0,0.0,0.0,0.0,0.0,0.5,0.0,0.0,0.0,0.0,0.0
MedPFNClassifier,0.9410714285714284,0.004374088826398517,0.16666666666666666,0.21081851067789198,0.06666666666666667,0.0816496580927726,0.8223270440251573,0.06932518139952393,0.09444444444444444,0.11600340565456166,0.296823525428772,0.0109864247728079
MedPFNClassifier,0.9491071428571429,0.010602091149141011,0.5133333333333334,0.39670868124831576,0.21666666666666665,0.15,0.8900943396226417,0.04642733258916012,0.2901875901875902,0.19976706845344497,1.926426100730896,0.16985805114256633
MedPFNClassifier,0.9491071428571429,0.011329087089687103,0.6004761904761904,0.16895638047555753,0.4333333333333333,0.15275252316519466,0.8924528301886794,0.0510955488524696,0.46568098568098576,0.09673277818099195,13.004018449783326,0.47228469360134756
RandomForestClassifier,0.9428571428571428,0.005922544268491788,0.24,0.3292415526630866,0.1,0.13333333333333333,0.877122641509434,0.07501091814310006,0.12993506493506493,0.16356431365768842,0.19931910037994385,0.014170785195334582
LogisticRegressionClassifier,0.9339285714285713,0.01556749622693102,0.3352380952380952,0.24358620725076324,0.2,0.12472191289246472,0.756132075471698,0.09721368918347464,0.24491064491064485,0.15885088714836773,0.008091974258422851,0.0007018119748704296
TabPFNClassifier,0.9446428571428571,0.015361295119719003,0.42333333333333334,0.37772712078665693,0.18333333333333332,0.13844373104863456,0.8930817610062893,0.04831420997150504,0.2502525252525253,0.19935249356899018,2.9150804042816163,0.23091594788086223
TabForestPFNClassifier,0.93125,0.024630561114524514,0.3794444444444445,0.3010275611843417,0.3,0.17950549357115014,0.8751572327044025,0.03556518969789009,0.3168939393939394,0.19742315227960142,23.70773801803589,2.8854591103477394
