,accuracy mean,accuracy std,precision mean,precision std,recall mean,recall std,roc_auc mean,roc_auc std,f1 mean,f1 std,runtime mean,runtime std
MajorityClass,0.9464285714285714,0.0,0.0,0.0,0.0,0.0,0.5,0.0,0.0,0.0,9.999275207519531e-05,0.0002999782562255859
MedPFNClassifier,0.94375,0.008035714285714273,0.1,0.30000000000000004,0.016666666666666666,0.049999999999999996,0.801493710691824,0.10067513802523279,0.02857142857142857,0.0857142857142857,0.25690650939941406,0.009893458767854463
MedPFNClassifier,0.9410714285714287,0.009105391988558547,0.3,0.3840572873934304,0.08333333333333333,0.08333333333333334,0.8535377358490566,0.0730802742490495,0.12214285714285714,0.12513054407787289,1.5842519521713256,0.019025770624765476
MedPFNClassifier,0.9410714285714287,0.01964285714285716,0.5357142857142857,0.2681083478144618,0.35,0.11666666666666665,0.8345125786163523,0.09478357933479077,0.3961172161172161,0.11595825903743051,10.325752711296081,0.10183603586925714
RandomForestClassifier,0.9473214285714284,0.00625000000000002,0.3,0.45825756949558405,0.05,0.07637626158259733,0.831996855345912,0.08149755723560331,0.08571428571428572,0.13093073414159542,0.22619962692260742,0.014763562112847833
LogisticRegressionClassifier,0.9401785714285715,0.01132908708968708,0.33333333333333337,0.25254262566501084,0.21666666666666665,0.15,0.7117138364779874,0.07358427571896142,0.2597979797979798,0.18374778542365383,0.006900238990783692,0.0002999864393172303
TabPFNClassifier,0.94375,0.0069734372106309535,0.26666666666666666,0.38873012632302006,0.06666666666666667,0.0816496580927726,0.8640723270440253,0.06344144783584753,0.10158730158730159,0.12602814756367753,2.4228020191192625,0.01759446765644822
TabForestPFNClassifier,0.9375,0.020360275448198892,0.39452380952380955,0.2793336133974859,0.2833333333333333,0.15,0.872248427672956,0.04866758601617778,0.3229215229215229,0.19125575113182897,16.58457498550415,0.5897771700416882
