,accuracy mean,accuracy std,precision mean,precision std,recall mean,recall std,roc_auc mean,roc_auc std,f1 mean,f1 std,runtime mean,runtime std
MajorityClass,0.9464285714285714,0.0,0.0,0.0,0.0,0.0,0.5,0.0,0.0,0.0,0.0001996755599975586,0.00039935112355360343
MedPFNClassifier,0.9464285714285714,0.0,0.0,0.0,0.0,0.0,0.6041666666666666,0.1256284634479385,0.0,0.0,0.25200467109680175,0.0119475558482425
MedPFNClassifier,0.9464285714285714,0.0,0.0,0.0,0.0,0.0,0.5516509433962264,0.12822327044025156,0.0,0.0,1.5894050121307373,0.039032810149854893
MedPFNClassifier,0.9464285714285714,0.0,0.0,0.0,0.0,0.0,0.641116352201258,0.12178647374034665,0.0,0.0,10.280703377723693,0.07480400714937069
RandomForestClassifier,0.9464285714285714,0.0,0.0,0.0,0.0,0.0,0.6452044025157233,0.08122941146953118,0.0,0.0,0.17769980430603027,0.004691317578382084
LogisticRegressionClassifier,0.9446428571428571,0.0035714285714285587,0.0,0.0,0.0,0.0,0.43545597484276727,0.12221161653303043,0.0,0.0,0.0056999921798706055,0.0004581263249320444
TabPFNClassifier,0.9464285714285714,0.0,0.0,0.0,0.0,0.0,0.5884433962264151,0.13044689342363208,0.0,0.0,2.4560553073883056,0.07381038744332205
TabForestPFNClassifier,0.9464285714285714,0.0,0.0,0.0,0.0,0.0,0.6245676100628931,0.09540774555750185,0.0,0.0,16.312645435333252,0.5266540100335867
