,accuracy mean,accuracy std,precision mean,precision std,recall mean,recall std,roc_auc mean,roc_auc std,f1 mean,f1 std,runtime mean,runtime std
MajorityClass,0.9464285714285714,0.0,0.0,0.0,0.0,0.0,0.5,0.0,0.0,0.0,0.00030009746551513673,0.00045840647946302247
MedPFNClassifier,0.9348214285714287,0.005717075211993594,0.11666666666666665,0.18333333333333335,0.05,0.07637626158259733,0.7553459119496856,0.13778681461372527,0.06944444444444445,0.10632032893891465,0.24740233421325683,0.012027012573376947
MedPFNClassifier,0.9446428571428571,0.006681531047810621,0.35,0.39051248379533277,0.08333333333333333,0.08333333333333334,0.8147798742138365,0.11555865718955748,0.13214285714285712,0.13272074411472892,1.550802230834961,0.01602973794802942
MedPFNClassifier,0.9410714285714284,0.009105391988558547,0.25,0.4031128874149275,0.05,0.07637626158259733,0.8191823899371069,0.1128137805952962,0.08214285714285714,0.12581367824148953,10.228901600837707,0.048666898129963686
RandomForestClassifier,0.9455357142857143,0.0026785714285714195,0.0,0.0,0.0,0.0,0.7873427672955975,0.09350802897787654,0.0,0.0,0.3717998266220093,0.01079666946484664
LogisticRegressionClassifier,0.9267857142857144,0.01115178213999715,0.13,0.16613247725836153,0.09999999999999999,0.13333333333333333,0.6064465408805031,0.1671570009194063,0.11272727272727275,0.14744098132882397,0.008099794387817383,0.0006997588952110675
TabPFNClassifier,0.9464285714285714,0.0,0.0,0.0,0.0,0.0,0.8231132075471699,0.10870512463390312,0.0,0.0,2.41590735912323,0.0315123594117101
TabForestPFNClassifier,0.9491071428571429,0.011329087089687079,0.5583333333333333,0.3979984645419851,0.1833333333333333,0.15723301886761007,0.8391509433962264,0.07911492847596344,0.25960317460317456,0.19710951396070955,16.807436609268187,0.6290074987950225
