,accuracy mean,accuracy std,precision mean,precision std,recall mean,recall std,roc_auc mean,roc_auc std,f1 mean,f1 std,runtime mean,runtime std
XGBClassifier,0.9442857142857143,0.012765459394809341,0.4671428571428571,0.2919884384113302,0.21333333333333332,0.14481168974394845,0.7959198113207547,0.08605674140688915,0.2787624042624043,0.1713064241521392,0.04724143266677856,0.038232250438766865
MedPFNClassifier,0.9494642857142855,0.011107497467338861,0.523,0.3472233050474884,0.21333333333333332,0.14160314109471464,0.8399056603773586,0.07811682403896678,0.2897640692640692,0.18367746164092383,0.7624458575248719,0.11284560153997145
RandomForestClassifier,0.9478571428571427,0.004561269427148908,0.2783333333333334,0.3449777492510754,0.05833333333333333,0.07691863096562775,0.8246226415094341,0.08674493366747063,0.09424603174603173,0.1211207121945695,0.3316844320297242,0.03682245976338461
LogisticRegression,0.9464285714285714,0.0,0.0,0.0,0.0,0.0,0.6348427672955974,0.10118005282856044,0.0,0.0,0.009391186237335206,0.003044561771753107
TabPFNClassifier,0.9491964285714285,0.0065359236128583005,0.425,0.3416795485158405,0.11333333333333333,0.09084067778793041,0.8350943396226416,0.08032267174797414,0.17416666666666664,0.13648521424660917,0.7749507260322572,0.09551558825737685
