,accuracy mean,accuracy std,precision mean,precision std,recall mean,recall std,roc_auc mean,roc_auc std,f1 mean,f1 std,runtime mean,runtime std
XGBClassifier,0.94375,0.012700280354560051,0.4510714285714285,0.29315524978770824,0.21833333333333335,0.14287424675867283,0.7970754716981132,0.08469690453986839,0.27940392940392944,0.1712228335895393,0.04549054384231567,0.03705427486604598
MedPFNClassifier,0.9502678571428571,0.009659281337922722,0.5426666666666666,0.28861537693008055,0.21166666666666667,0.13756473397762203,0.8421226415094341,0.07653417868367227,0.2880526695526695,0.16766762814456226,0.7705395984649658,0.12238985556336893
RandomForestClassifier,0.9489285714285713,0.005070668964766243,0.38666666666666666,0.39862134972442353,0.08,0.0833300428994214,0.831375786163522,0.08459190634552136,0.12951587301587303,0.13145590472759916,0.33706983327865603,0.03736887864325768
LogisticRegression,0.9464285714285714,0.0,0.0,0.0,0.0,0.0,0.6428773584905659,0.09977209450078531,0.0,0.0,0.007077689170837402,0.0017054427906429202
TabPFNClassifier,0.9474107142857141,0.007184663879549058,0.3583333333333333,0.3510446477174515,0.09500000000000001,0.08796513391073287,0.8413364779874213,0.07907045252273973,0.14567460317460318,0.133977124443811,0.7668715286254884,0.08807938659498743
