,accuracy mean,accuracy std,precision mean,precision std,recall mean,recall std,roc_auc mean,roc_auc std,f1 mean,f1 std,runtime mean,runtime std
XGBClassifier,0.9439285714285713,0.01264370283677479,0.46849999999999997,0.3004870849429467,0.1933333333333333,0.12850460276254627,0.7755345911949686,0.0857357102189322,0.2604891774891775,0.16569845442097125,0.021822876930236816,0.005078774719685425
MedPFNClassifier,0.9497321428571428,0.009545817731156264,0.49366666666666664,0.33498042319898963,0.1883333333333333,0.12957650267411774,0.8372327044025155,0.07152489446923985,0.2621392496392496,0.17308814813875675,0.7618171286582947,0.10886833709286219
RandomForestClassifier,0.9481249999999999,0.004963775852169599,0.33666666666666667,0.3926210224866734,0.06333333333333332,0.0732480171557218,0.8105188679245282,0.0875624285145796,0.10515873015873015,0.12041577599611616,0.301962194442749,0.033962286538442826
LogisticRegression,0.9464285714285714,0.0,0.0,0.0,0.0,0.0,0.6398899371069182,0.10438551776236152,0.0,0.0,0.008613581657409667,0.002644734267610217
TabPFNClassifier,0.9490178571428572,0.0068934494751337495,0.42000000000000004,0.327865119635995,0.12,0.08778354561094301,0.8327201257861635,0.07373211359309587,0.18238095238095237,0.13297162910577703,0.7854424571990968,0.10236916557770473
