,accuracy mean,accuracy std,precision mean,precision std,recall mean,recall std,roc_auc mean,roc_auc std,f1 mean,f1 std,runtime mean,runtime std
XGBClassifier,0.945625,0.013319229397385524,0.48890476190476184,0.24989738553244142,0.29333333333333333,0.15382578530474011,0.8080110062893082,0.07274725747843543,0.35190753690753684,0.1722120677760563,0.031209349632263177,0.017783201596949207
MedPFNClassifier,0.956607142857143,0.011595720189392613,0.7056666666666667,0.3460310182274676,0.2683333333333333,0.17482259169070224,0.8560534591194969,0.0779990921984039,0.3719054834054834,0.2136824251488759,0.7735280203819276,0.110349758094519
RandomForestClassifier,0.9542857142857144,0.009880874515606099,0.6456666666666667,0.38585309998796796,0.21000000000000002,0.1460825846868442,0.8407311320754716,0.09243828814115708,0.30417604617604616,0.19590951366301404,0.25079730987548826,0.02584852464895404
LogisticRegression,0.9464285714285714,0.0,0.0,0.0,0.0,0.0,0.6641037735849056,0.07554070630956033,0.0,0.0,0.009228372573852539,0.002401476141385231
TabPFNClassifier,0.9554464285714286,0.010900793828636676,0.6541666666666666,0.34838944911662945,0.24333333333333335,0.16407819544063723,0.8553930817610065,0.08534950460609006,0.34127344877344873,0.20972822702945298,0.7861139798164367,0.10902853722557763
