,accuracy mean,accuracy std,precision mean,precision std,recall mean,recall std,roc_auc mean,roc_auc std,f1 mean,f1 std,runtime mean,runtime std
XGBClassifier,0.9433035714285714,0.012952114492709128,0.4568333333333333,0.303501981972041,0.19666666666666666,0.13643287807224572,0.7801336477987422,0.08382791862435733,0.2603780663780664,0.17075284223946857,0.04403981924057007,0.0415261572783349
MedPFNClassifier,0.9501785714285713,0.009844909421656426,0.522,0.35221777867659554,0.18666666666666668,0.13548421359891116,0.8352201257861636,0.07179975906987832,0.2628138528138529,0.17890497180846415,0.7699904322624206,0.08711110280321727
RandomForestClassifier,0.9476785714285715,0.005730523878103307,0.3283333333333333,0.3863727154056213,0.06833333333333333,0.0818947975196089,0.8097798742138366,0.08563087520684001,0.11067460317460316,0.1294053132644375,0.32631926774978637,0.04264286703709671
LogisticRegression,0.9464285714285714,0.0,0.0,0.0,0.0,0.0,0.6400943396226414,0.10524039876646304,0.0,0.0,0.009326493740081786,0.001792125399395473
TabPFNClassifier,0.9488392857142856,0.007157209734056011,0.45,0.35762146818742346,0.11666666666666667,0.08747611583459365,0.8308805031446541,0.07583790654257258,0.18054761904761904,0.13301571181700783,0.7929851031303407,0.07863356674900908
