,accuracy mean,accuracy std,precision mean,precision std,recall mean,recall std,roc_auc mean,roc_auc std,f1 mean,f1 std,runtime mean,runtime std
XGBClassifier,0.9415178571428571,0.01342410390584706,0.4031666666666666,0.2947297880235249,0.19666666666666668,0.13454811381553117,0.7534669811320753,0.0941945688282226,0.251549062049062,0.16318384433090996,0.04006161689758301,0.023146013990604803
MedPFNClassifier,0.9516071428571429,0.00972909213727427,0.5509999999999999,0.41126203016584933,0.1683333333333333,0.1482475839109702,0.8253694968553459,0.07968419955817094,0.24421212121212119,0.1984566873506867,0.778389756679535,0.08620162435120844
RandomForestClassifier,0.9499107142857142,0.006582055221623591,0.4416666666666666,0.4170708685405294,0.10666666666666666,0.10392436223157328,0.8188522012578616,0.09219074755082027,0.16742063492063491,0.15818895329230706,0.2846556711196899,0.03728327523290269
LogisticRegression,0.9464285714285714,0.0,0.0,0.0,0.0,0.0,0.6600235849056604,0.10339478031384135,0.0,0.0,0.010104753971099853,0.0021704109059674957
TabPFNClassifier,0.9512499999999999,0.00865260495896505,0.5433333333333332,0.3910077372689343,0.16166666666666668,0.13074571679574332,0.8217688679245283,0.08798180095021049,0.24076984126984127,0.18465405139519478,0.8046268463134766,0.08209769819648077
