,accuracy mean,accuracy std,precision mean,precision std,recall mean,recall std,roc_auc mean,roc_auc std,f1 mean,f1 std,runtime mean,runtime std
XGBClassifier,0.9420535714285714,0.011334371452802996,0.4145,0.2961474499247397,0.17166666666666666,0.1178641362206498,0.7961871069182389,0.0848443678012859,0.2311190476190476,0.15215655787267063,0.04319220304489136,0.04899274382980108
MedPFNClassifier,0.9498214285714285,0.0076858255456027135,0.4508333333333333,0.32476352659954527,0.14833333333333332,0.1191358825641543,0.8247169811320756,0.07452936586727421,0.21317460317460313,0.15994251820336844,0.7489831304550172,0.09326014319914358
RandomForestClassifier,0.9473214285714284,0.004784278489507047,0.23500000000000001,0.35003798800534897,0.05166666666666666,0.07750604821842423,0.811556603773585,0.08794898567330636,0.08273809523809525,0.12239312743332989,0.29347825050354004,0.040134892855341435
LogisticRegression,0.9464285714285714,0.0,0.0,0.0,0.0,0.0,0.6295283018867923,0.10282288056108593,0.0,0.0,0.008150963783264159,0.001214962874763374
TabPFNClassifier,0.9498214285714287,0.0072119144774463965,0.4640000000000001,0.3738355785835294,0.12166666666666666,0.09907669608459826,0.8205817610062892,0.08084139452366881,0.18673160173160172,0.1478399694100585,0.7825384187698365,0.09836443581061552
