,accuracy mean,accuracy std,precision mean,precision std,recall mean,recall std,roc_auc mean,roc_auc std,f1 mean,f1 std,runtime mean,runtime std
XGBClassifier,0.9454464285714286,0.011228813405457377,0.5187380952380952,0.2588079084363365,0.22833333333333333,0.12089505742572501,0.8025707547169812,0.0807027173658422,0.3006088356088356,0.14029248085897672,0.04560312986373902,0.022862776562163633
MedPFNClassifier,0.9513392857142857,0.01095353603064545,0.5873333333333334,0.30051781401341277,0.24666666666666665,0.1414076899947639,0.8430974842767297,0.07400456249051392,0.3308737373737374,0.17417296683172254,0.7553314876556396,0.10605230594900157
RandomForestClassifier,0.9489285714285713,0.005827056096683301,0.3966666666666666,0.41157881136451735,0.08166666666666668,0.08834555280571876,0.8301179245283017,0.07909139259085676,0.133015873015873,0.14037749918237621,0.35990001440048214,0.049601049611400994
LogisticRegression,0.9464285714285714,0.0,0.0,0.0,0.0,0.0,0.6516352201257862,0.10379532398794877,0.0,0.0,0.0094431734085083,0.0025891725419141948
TabPFNClassifier,0.948392857142857,0.007485330351040313,0.41500000000000004,0.37001361187553056,0.10833333333333335,0.09100962485832131,0.8460534591194968,0.07664967690944623,0.16654761904761903,0.13804395288699092,0.7883194875717163,0.10233783254847914
