,accuracy mean,accuracy std,precision mean,precision std,recall mean,recall std,roc_auc mean,roc_auc std,f1 mean,f1 std,runtime mean,runtime std
XGBClassifier,0.9479464285714286,0.010291704758816397,0.542015873015873,0.22065579245525407,0.2799999999999999,0.13711269316782787,0.7866352201257861,0.09611038948310666,0.3477612942612943,0.13995941397045883,0.039025895595550544,0.0289249850947851
MedPFNClassifier,0.9534821428571428,0.00971955889564112,0.6318333333333334,0.3352461584048048,0.21833333333333335,0.14865587125154217,0.8456603773584908,0.08213928317143535,0.3056010101010101,0.18446201254886857,0.7549352073669434,0.10133313937990487
RandomForestClassifier,0.9533035714285717,0.008912785937159957,0.6275,0.3866968392663914,0.18333333333333332,0.12770321462341058,0.840188679245283,0.08761384299076874,0.27242857142857135,0.1782076427123347,0.2638386750221252,0.027956758940947644
LogisticRegression,0.9464285714285714,0.0,0.0,0.0,0.0,0.0,0.6672012578616351,0.08277088060379492,0.0,0.0,0.009686198234558106,0.0018699380096656195
TabPFNClassifier,0.9533035714285715,0.010204330256088178,0.6149999999999999,0.3890367108601987,0.20666666666666664,0.1456987902581492,0.8428930817610063,0.08549597329505994,0.2976666666666667,0.19632111475508188,0.7910611963272095,0.12238929362629594
