,accuracy mean,accuracy std,precision mean,precision std,recall mean,recall std,roc_auc mean,roc_auc std,f1 mean,f1 std,runtime mean,runtime std
XGBClassifier,0.9399999999999998,0.011132826665215746,0.3251666666666667,0.2838905180445601,0.155,0.13275702593018318,0.773506289308176,0.08503045164713015,0.2011760461760462,0.16854805318527377,0.03354900360107422,0.033741867387288314
MedPFNClassifier,0.9498214285714284,0.008910677158208733,0.52,0.35639808339935264,0.15333333333333335,0.11987010221811094,0.8220911949685534,0.07831873495532919,0.22740476190476194,0.16437240969585643,0.7560334992408753,0.1110894670312927
RandomForestClassifier,0.9479464285714286,0.004437970059242602,0.27666666666666667,0.37019924246397706,0.058333333333333334,0.08113846731429589,0.8098113207547168,0.08795031200634067,0.09444444444444446,0.12860364340398267,0.27805031776428224,0.032574510225316475
LogisticRegression,0.9464285714285714,0.0,0.0,0.0,0.0,0.0,0.6420754716981132,0.10830722033990277,0.0,0.0,0.009658582210540771,0.00265029266819786
TabPFNClassifier,0.9482142857142858,0.006921953007048921,0.41500000000000004,0.37630161881296087,0.10666666666666666,0.0937370007491656,0.8211006289308177,0.08431349261021794,0.1642380952380952,0.14158116195743106,0.7883155703544618,0.09565585831784104
