,accuracy mean,accuracy std,precision mean,precision std,recall mean,recall std,roc_auc mean,roc_auc std,f1 mean,f1 std,runtime mean,runtime std
XGBClassifier,0.9415178571428571,0.012106090616569753,0.3711666666666666,0.2832370367992204,0.15999999999999998,0.12844236969153672,0.7622641509433963,0.08802724093004238,0.21271067821067818,0.16023885835997112,0.05508023738861083,0.06859989998088481
MedPFNClassifier,0.9488392857142858,0.008135076316371805,0.4425,0.3923404150193906,0.13,0.12016434891578098,0.8150471698113207,0.07998948888055918,0.1921904761904762,0.16851433858571124,0.7690826225280762,0.10319007257163544
RandomForestClassifier,0.949017857142857,0.005527168416183892,0.3783333333333333,0.4236862650444376,0.07833333333333334,0.09010683644568336,0.8067845911949686,0.0858396720963687,0.12662698412698412,0.1418872146600334,0.28795006275177004,0.032319682667452956
LogisticRegression,0.9464285714285714,0.0,0.0,0.0,0.0,0.0,0.6359119496855344,0.10759027282025697,0.0,0.0,0.009325215816497803,0.002432752317097519
TabPFNClassifier,0.9489285714285713,0.008107654632697091,0.4333333333333334,0.3856068217934533,0.11166666666666666,0.10224163426159782,0.8192610062893083,0.08322671386596824,0.17324603174603176,0.1555400471393047,0.781299648284912,0.10173479322113539
