,accuracy mean,accuracy std,precision mean,precision std,recall mean,recall std,roc_auc mean,roc_auc std,f1 mean,f1 std,runtime mean,runtime std
XGBClassifier,0.9415178571428571,0.012106090616569753,0.3711666666666666,0.2832370367992204,0.15999999999999998,0.12844236969153672,0.7622641509433963,0.08802724093004238,0.21271067821067818,0.16023885835997112,0.039748528003692635,0.03718082979669384
MedPFNClassifier,0.9491964285714285,0.008339145837170324,0.49483333333333335,0.37837497506817386,0.13833333333333336,0.11565067569494872,0.8158805031446541,0.07984813302175595,0.20666810966810964,0.15908967339443275,0.7805454444885255,0.09055651590591438
RandomForestClassifier,0.9483928571428569,0.005880182630268278,0.31666666666666665,0.38298938778638414,0.07166666666666667,0.08717671850452996,0.8061477987421384,0.08580321436879801,0.11444444444444443,0.13770890193577823,0.3006163477897644,0.03451380754455459
LogisticRegression,0.9464285714285714,0.0,0.0,0.0,0.0,0.0,0.6359119496855344,0.10759027282025697,0.0,0.0,0.009956893920898439,0.0026904574503015246
TabPFNClassifier,0.9483035714285712,0.008197196183816946,0.41,0.34728173180339733,0.11499999999999999,0.10671429461058031,0.8194811320754717,0.08325978324646396,0.17459523809523808,0.1566365154612924,0.7939165449142457,0.07810050380469633
