,accuracy mean,accuracy std,precision mean,precision std,recall mean,recall std,roc_auc mean,roc_auc std,f1 mean,f1 std,runtime mean,runtime std
XGBClassifier,0.9463392857142857,0.010615328937461643,0.516904761904762,0.27138191356775593,0.22833333333333333,0.12528152175018586,0.8037657232704403,0.07656188773319597,0.30186424686424684,0.14974726016831613,0.05233966827392578,0.03917785758409734
MedPFNClassifier,0.9520535714285714,0.009937834690701598,0.6036666666666667,0.28267064696359745,0.24333333333333332,0.13518925571748647,0.8410534591194969,0.07415663806715088,0.3297020202020202,0.1645309270016635,0.7537548327445984,0.07355772437124684
RandomForestClassifier,0.9485714285714286,0.005475518816427062,0.3466666666666667,0.39202617896752395,0.07333333333333333,0.08846006999182984,0.8359591194968553,0.08185833166919092,0.11873015873015873,0.13964305467816118,0.3882520627975464,0.04609932999366181
LogisticRegression,0.9464285714285714,0.0,0.0,0.0,0.0,0.0,0.6504874213836478,0.10156470756891625,0.0,0.0,0.008450047969818115,0.0026943078181713744
TabPFNClassifier,0.948392857142857,0.007531684091161751,0.3933333333333333,0.36830331530241295,0.11000000000000001,0.09829943979470138,0.8443238993710691,0.07629034737914411,0.16746031746031748,0.14825050929802083,0.7847790884971618,0.07246484671104594
