,accuracy mean,accuracy std,precision mean,precision std,recall mean,recall std,roc_auc mean,roc_auc std,f1 mean,f1 std,runtime mean,runtime std
XGBClassifier,0.945625,0.013319229397385524,0.48723809523809525,0.24864349676617253,0.29666666666666663,0.15670433267423597,0.8073820754716982,0.07221091366380995,0.3532408702408702,0.17331619698193892,0.03888343095779419,0.03523944989792167
MedPFNClassifier,0.9565178571428572,0.011064454240192308,0.705,0.34595017974205855,0.26666666666666666,0.1688554345264821,0.8563522012578618,0.07973546594994049,0.3695822510822511,0.20727327300726187,0.7789202690124511,0.08654723166316397
RandomForestClassifier,0.9538392857142858,0.009647780003481212,0.6325,0.3923377918643391,0.2033333333333333,0.14069154939126532,0.8449449685534592,0.0837654963600395,0.29559523809523813,0.1917349532824671,0.27227510690689083,0.03043814494185077
LogisticRegression,0.9464285714285714,0.0,0.0,0.0,0.0,0.0,0.6641037735849056,0.07554070630956033,0.0,0.0,0.010350923538208007,0.002950693139761421
TabPFNClassifier,0.9557142857142857,0.011668124282027757,0.6591666666666666,0.34728052759087225,0.2483333333333333,0.1700279743597349,0.8565408805031446,0.08597303208997367,0.34713059163059157,0.21722198820457633,0.7946898531913756,0.07869155977858819
