,accuracy mean,accuracy std,precision mean,precision std,recall mean,recall std,roc_auc mean,roc_auc std,f1 mean,f1 std,runtime mean,runtime std
XGBClassifier,0.9483035714285712,0.010735019462648427,0.5448730158730158,0.22179885938671115,0.28333333333333327,0.14289052878326106,0.7866981132075472,0.09619837640355207,0.35083821733821735,0.14413835350855037,0.03933894395828247,0.03420145283091575
MedPFNClassifier,0.9541071428571428,0.009818240844574644,0.6425,0.3471096208239491,0.22000000000000003,0.14686827689342735,0.844308176100629,0.08150800703507766,0.31097619047619046,0.18632411200064972,0.7860523319244384,0.08696663934689496
RandomForestClassifier,0.9527678571428572,0.008764323208795497,0.6174999999999999,0.36836533921017384,0.17833333333333334,0.12734581881370044,0.8346383647798742,0.08916654258042749,0.264452380952381,0.1719633549369401,0.2786799716949463,0.03224291724678301
LogisticRegression,0.9464285714285714,0.0,0.0,0.0,0.0,0.0,0.6672012578616351,0.08277088060379492,0.0,0.0,0.008853607177734375,0.0016315934045957746
TabPFNClassifier,0.9533035714285714,0.00938528807886432,0.6174999999999999,0.38316182611658023,0.20666666666666664,0.14067246911728187,0.8452358490566038,0.08401474493944742,0.2973571428571429,0.18931166647252468,0.7998402404785155,0.07035632048438425
