,accuracy mean,accuracy std,precision mean,precision std,recall mean,recall std,roc_auc mean,roc_auc std,f1 mean,f1 std,runtime mean,runtime std
XGBClassifier,0.9420535714285714,0.011334371452802996,0.4145,0.2961474499247397,0.17166666666666666,0.1178641362206498,0.7961871069182389,0.0848443678012859,0.2311190476190476,0.15215655787267063,0.03632097959518433,0.024001255827051517
MedPFNClassifier,0.9486607142857142,0.007631825142139534,0.44749999999999995,0.32890983399765106,0.145,0.11739511603947536,0.8244968553459119,0.07503508890922486,0.21057142857142855,0.158908631142423,0.775722460746765,0.08659270903301122
RandomForestClassifier,0.9481249999999999,0.0050527245597473056,0.30166666666666664,0.3761972631350876,0.06333333333333332,0.08272510723437028,0.8073899371069183,0.08321666532485261,0.10218253968253968,0.1300141526629451,0.301805145740509,0.03815247600451898
LogisticRegression,0.9464285714285714,0.0,0.0,0.0,0.0,0.0,0.6295283018867923,0.10282288056108593,0.0,0.0,0.010211544036865234,0.002651499096960157
TabPFNClassifier,0.9493749999999999,0.007122628763160681,0.41833333333333333,0.37616461527451356,0.11333333333333333,0.10257361269528723,0.82062893081761,0.08067442372417798,0.1733650793650794,0.15324412970832194,0.789459593296051,0.07443409990582411
