,accuracy mean,accuracy std,precision mean,precision std,recall mean,recall std,roc_auc mean,roc_auc std,f1 mean,f1 std,runtime mean,runtime std
XGBClassifier,0.9420535714285714,0.013295660054958502,0.4123571428571429,0.27859129461319077,0.18833333333333332,0.12689901556841562,0.7889779874213838,0.08947017282525356,0.2461274281274281,0.15637773467898555,0.06783766746520996,0.05800449823478275
MedPFNClassifier,0.9494642857142856,0.009353634832710137,0.4885,0.34728350560571086,0.19666666666666663,0.13916864228357678,0.8348270440251573,0.08510060683553591,0.2663549783549783,0.18159998689061752,0.7727982544898987,0.07553726923748082
RandomForestClassifier,0.9476785714285715,0.005471905044950111,0.31,0.3657216503184414,0.06833333333333333,0.08076043045740527,0.8445361635220126,0.07362291116964692,0.10952380952380951,0.12743056235369649,0.4681372594833374,0.05727456163918215
LogisticRegression,0.9464285714285714,0.0,0.0,0.0,0.0,0.0,0.650062893081761,0.10108441754381248,0.0,0.0,0.009191119670867921,0.0030304266531870614
TabPFNClassifier,0.9480357142857143,0.005741954864393114,0.3166666666666667,0.3328112144150634,0.07333333333333333,0.07545248969498027,0.8425786163522012,0.08725392160452851,0.11658730158730157,0.11852386117247868,0.8000236415863039,0.07598326747454184
