,accuracy mean,accuracy std,precision mean,precision std,recall mean,recall std,roc_auc mean,roc_auc std,f1 mean,f1 std,runtime mean,runtime std
XGBClassifier,0.9415178571428571,0.013252070859286359,0.35285714285714287,0.2693839361426052,0.18,0.1324870647937609,0.7858176100628931,0.08146764317049496,0.22950405150405154,0.16648237172811897,0.07177608489990234,0.0491853106372741
MedPFNClassifier,0.9491964285714285,0.01007529596139296,0.49316666666666675,0.3335960560348298,0.195,0.13120306989851852,0.8320125786163522,0.08808181419399036,0.26525396825396824,0.1687783534058318,0.7409541368484496,0.09312781936259973
RandomForestClassifier,0.9478571428571427,0.005256980720284695,0.3066666666666667,0.3346108935280165,0.065,0.07047967275897983,0.8459040880503146,0.08050700387392004,0.10515873015873016,0.1123874246929665,0.43997574329376227,0.055328078058888876
LogisticRegression,0.9464285714285714,0.0,0.0,0.0,0.0,0.0,0.6481446540880503,0.10166492830279679,0.0,0.0,0.007787015438079836,0.003475819625137938
TabPFNClassifier,0.9479464285714284,0.0053038627875747054,0.2916666666666667,0.3152277882828028,0.06833333333333333,0.07448153020338719,0.8450000000000001,0.08697273350749177,0.10837301587301588,0.11624963513981479,0.7627921795845033,0.08538216552068947
