,accuracy mean,accuracy std,precision mean,precision std,recall mean,recall std,roc_auc mean,roc_auc std,f1 mean,f1 std,runtime mean,runtime std
XGBClassifier,0.9444642857142858,0.014258203298319666,0.49577777777777776,0.3104088011985807,0.24666666666666665,0.15483334098035897,0.8019496855345911,0.08557467886807521,0.30964357864357867,0.17546049966893593,0.03803218841552734,0.017903202478495403
MedPFNClassifier,0.949017857142857,0.010926712216408752,0.5275,0.3269142428989821,0.21666666666666665,0.13731838290961407,0.8285849056603771,0.08768659872178333,0.2917727272727273,0.17460260837538155,0.7594358301162719,0.10853905296959994
RandomForestClassifier,0.9489285714285713,0.005779688943441289,0.3916666666666667,0.40161714716936225,0.07833333333333334,0.0807169868529968,0.8362971698113209,0.08540215364730772,0.1283730158730159,0.13000563506849933,0.39732982158660884,0.033929809099830024
LogisticRegression,0.9464285714285714,0.0,0.0,0.0,0.0,0.0,0.6539779874213837,0.10292953409268771,0.0,0.0,0.008100283145904542,0.002973578168480713
TabPFNClassifier,0.9485714285714286,0.006327961992112935,0.38166666666666665,0.3211648415829883,0.09666666666666665,0.08185748992800453,0.8451415094339623,0.08583342811782145,0.1493253968253968,0.12167693885866968,0.7964075493812561,0.10759762084829563
