,accuracy mean,accuracy std,precision mean,precision std,recall mean,recall std,roc_auc mean,roc_auc std,f1 mean,f1 std,runtime mean,runtime std
XGBClassifier,0.9415178571428571,0.01342410390584706,0.4031666666666666,0.2947297880235249,0.19666666666666668,0.13454811381553117,0.7534669811320753,0.0941945688282226,0.251549062049062,0.16318384433090996,0.028833193778991694,0.013784172694767189
MedPFNClassifier,0.9511607142857142,0.009318605068128403,0.5251666666666666,0.43288775938038804,0.15999999999999998,0.14364159480752842,0.8255896226415093,0.07936400082486993,0.2338946608946609,0.19771026272743059,0.7580139398574829,0.10699392584424164
RandomForestClassifier,0.9504464285714287,0.006842530011131044,0.45166666666666666,0.42813480675014315,0.11166666666666666,0.1096201078556294,0.8151729559748426,0.0925566564092689,0.1731349206349206,0.16470166143940423,0.2600881052017212,0.03158644118310371
LogisticRegression,0.9464285714285714,0.0,0.0,0.0,0.0,0.0,0.6600235849056604,0.10339478031384135,0.0,0.0,0.009910061359405515,0.002930632058671576
TabPFNClassifier,0.9510714285714286,0.008297270896639211,0.5408333333333333,0.3906597752513106,0.16166666666666668,0.12746574060808136,0.8220204402515725,0.0887646130167346,0.24057936507936506,0.1795038238009486,0.7836319446563721,0.10515858081843002
