,accuracy mean,accuracy std,precision mean,precision std,recall mean,recall std,roc_auc mean,roc_auc std,f1 mean,f1 std,runtime mean,runtime std
XGBClassifier,0.9415178571428571,0.014710342468810029,0.4201666666666667,0.309073707891019,0.19166666666666668,0.11298343335475594,0.7461006289308175,0.10237860099911233,0.25163636363636366,0.15477821268769398,0.045711772441864015,0.027166302088026957
MedPFNClassifier,0.9473214285714286,0.008500331011234237,0.40083333333333326,0.4179454610053789,0.09333333333333334,0.09787587364225644,0.8310220125786163,0.07364172048086082,0.147031746031746,0.14979789841964447,0.7380304718017577,0.07995800465337786
RandomForestClassifier,0.9470535714285715,0.004738356575403007,0.22333333333333333,0.29261408870355365,0.045,0.06297276483920233,0.7865723270440252,0.08807921066673409,0.07317460317460317,0.09984565471754442,0.32163483619689937,0.04705967694632348
LogisticRegression,0.9464285714285714,0.0,0.0,0.0,0.0,0.0,0.6122955974842766,0.11824302054872671,0.0,0.0,0.010001647472381591,0.002108553303205054
TabPFNClassifier,0.947142857142857,0.004154745141197745,0.19833333333333336,0.2774668515386012,0.05,0.0693612956210795,0.8282704402515723,0.06731813319617232,0.07781746031746031,0.1074735071912559,0.7748411536216735,0.07850438631369402
