,accuracy mean,accuracy std,precision mean,precision std,recall mean,recall std,roc_auc mean,roc_auc std,f1 mean,f1 std,runtime mean,runtime std
XGBClassifier,0.9477678571428572,0.011058832188147408,0.5273809523809524,0.24144625833041244,0.29000000000000004,0.14400346940817127,0.7830424528301887,0.09064447297127842,0.35656438006437996,0.15777264080944495,0.05441322088241577,0.05456785959253248
MedPFNClassifier,0.9547321428571431,0.009191934990608526,0.6729999999999999,0.3481730656656109,0.22000000000000003,0.1373157412152156,0.8390330188679245,0.07946882374318212,0.31932034632034634,0.17988643458865355,0.7508283853530883,0.08668563304771673
RandomForestClassifier,0.953125,0.010180262171127342,0.6366666666666666,0.38410373871950515,0.1933333333333333,0.13841787516087242,0.8228930817610062,0.08911453810128336,0.2838492063492063,0.1888653678702257,0.2682823967933655,0.032498157094477204
LogisticRegression,0.9464285714285714,0.0,0.0,0.0,0.0,0.0,0.6605738993710691,0.10062602308744617,0.0,0.0,0.011685664653778075,0.002308653146952435
TabPFNClassifier,0.9533928571428572,0.009147897367330383,0.5933333333333334,0.362669700061431,0.20833333333333334,0.14364919744995547,0.8408883647798742,0.08554564312052308,0.2961507936507936,0.18860070859972167,0.7690668797492981,0.08848039689646095
