,accuracy mean,accuracy std,precision mean,precision std,recall mean,recall std,roc_auc mean,roc_auc std,f1 mean,f1 std,runtime mean,runtime std
XGBClassifier,0.9461607142857144,0.013268997595453807,0.5031666666666667,0.26122354569813583,0.2883333333333333,0.1492491741507154,0.8049842767295597,0.07058918659140286,0.3491805971805972,0.16981293865298863,0.031166772842407226,0.014422729846053023
MedPFNClassifier,0.9554464285714286,0.010499755528109004,0.6733333333333332,0.30522831999268385,0.25166666666666665,0.16179331228589547,0.8570754716981132,0.0823350793868571,0.3508759018759018,0.19836353661520983,0.7517808508872985,0.12737749123827508
RandomForestClassifier,0.9545535714285716,0.009900176527489264,0.6575,0.3898391786390552,0.21166666666666667,0.14956554308927492,0.8398113207547169,0.08900017010758751,0.3072857142857143,0.20022876818456864,0.2739016842842102,0.04037141690282253
LogisticRegression,0.9464285714285714,0.0,0.0,0.0,0.0,0.0,0.6641037735849056,0.07554070630956033,0.0,0.0,0.009410676956176759,0.002139894989125454
TabPFNClassifier,0.9561607142857141,0.011099126122048154,0.6786666666666666,0.33527396446063046,0.255,0.16620270315305033,0.8589622641509435,0.08301655049704983,0.355063492063492,0.20985530833710006,0.7610703229904174,0.07290502083221098
