,accuracy mean,accuracy std,precision mean,precision std,recall mean,recall std,roc_auc mean,roc_auc std,f1 mean,f1 std,runtime mean,runtime std
XGBClassifier,0.9404464285714285,0.011173638937956405,0.3583333333333333,0.27272790604611896,0.175,0.13279352938861833,0.7664386792452829,0.1150183649199716,0.2251731601731602,0.16331026435403095,0.04571164608001709,0.045717568240851644
MedPFNClassifier,0.9496428571428572,0.007733677919116619,0.4408333333333333,0.3844269334636531,0.1383333333333333,0.12550782882813677,0.8262578616352201,0.07840543885292393,0.20217460317460317,0.1770060734176729,0.7511067652702332,0.09303242944738468
RandomForestClassifier,0.949017857142857,0.006605734370210031,0.39499999999999996,0.3986777479405777,0.09,0.09425758300903699,0.8002044025157232,0.0899978831467344,0.14250000000000002,0.14513043933085243,0.2595341444015503,0.03156733960977866
LogisticRegression,0.9464285714285714,0.0,0.0,0.0,0.0,0.0,0.6455345911949686,0.10761400945310444,0.0,0.0,0.00871211051940918,0.0016434971373195113
TabPFNClassifier,0.9500892857142856,0.007568936575481677,0.4876666666666667,0.3843540625272997,0.13333333333333336,0.11240091644289543,0.8291666666666668,0.07951943373344285,0.20077561327561327,0.16017693179905454,0.7621642875671387,0.08211198293744834
