,accuracy mean,accuracy std,precision mean,precision std,recall mean,recall std,roc_auc mean,roc_auc std,f1 mean,f1 std,runtime mean,runtime std
XGBClassifier,0.9357142857142857,0.0139094370116748,0.25916666666666666,0.269056720169683,0.10999999999999999,0.11119891807310187,0.7293317610062893,0.11216851229582048,0.1453246753246753,0.1442144380657429,0.03200900793075561,0.0115909239818621
MedPFNClassifier,0.9460714285714283,0.008329357017987196,0.29333333333333333,0.361431278173316,0.07666666666666666,0.09404772555498878,0.8131761006289308,0.0768506169212962,0.11698412698412697,0.14115121641147793,0.7378981828689575,0.08704321868919504
RandomForestClassifier,0.9460714285714283,0.003700045053254844,0.101,0.2111526668782154,0.023333333333333334,0.05194191898318613,0.7592531446540881,0.09195941096799513,0.035811688311688315,0.07742494114229578,0.36147428035736084,0.04251581301031192
LogisticRegression,0.9464285714285714,0.0,0.0,0.0,0.0,0.0,0.6066352201257861,0.11116595052767,0.0,0.0,0.008727867603302,0.0030082512160806525
TabPFNClassifier,0.9458928571428571,0.0019109932354850756,0.035,0.08500000000000002,0.006666666666666666,0.016666666666666666,0.8093867924528302,0.07669643531797775,0.01107142857142857,0.027500000000000004,0.7488381218910217,0.07729272068848489
