,accuracy mean,accuracy std,precision mean,precision std,recall mean,recall std,roc_auc mean,roc_auc std,f1 mean,f1 std,runtime mean,runtime std
XGBClassifier,0.9383928571428571,0.011314631097695914,0.3123333333333333,0.2706763970539857,0.13,0.10016266670513392,0.7449921383647798,0.0912150363793123,0.17436219336219336,0.1323725759092963,0.05244257688522339,0.04516436386627754
MedPFNClassifier,0.9453571428571429,0.007610818567608406,0.3116666666666667,0.37073336003126267,0.07499999999999998,0.09042779135083154,0.830251572327044,0.07436349277263514,0.11694444444444445,0.13818336154107352,0.7251723313331604,0.07802093984863397
RandomForestClassifier,0.9460714285714283,0.0032243611040092984,0.095,0.1641855268474473,0.02,0.03567187372905475,0.7818238993710691,0.0985404884864019,0.031857142857142855,0.05541550270085076,0.3307857203483581,0.04154344278750325
LogisticRegression,0.9464285714285714,0.0,0.0,0.0,0.0,0.0,0.6066352201257861,0.1011803524827529,0.0,0.0,0.009262895584106446,0.0024613955479321787
TabPFNClassifier,0.9458035714285714,0.003409937792935099,0.06266666666666668,0.10114629740886223,0.018333333333333333,0.036498299142610595,0.8264308176100629,0.07769540998753352,0.026327561327561328,0.049290415094112576,0.7565043807029724,0.08288836722855718
