,accuracy mean,accuracy std,precision mean,precision std,recall mean,recall std,roc_auc mean,roc_auc std,f1 mean,f1 std,runtime mean,runtime std
XGBClassifier,0.9408928571428572,0.010395055010910825,0.21749999999999997,0.35606618078232294,0.058333333333333334,0.09654131599066511,0.6845676100628929,0.11738035781351826,0.08591269841269843,0.13950144018278696,0.07042747974395752,0.08194383733339969
MedPFNClassifier,0.9464285714285714,0.0,0.0,0.0,0.0,0.0,0.7413600628930818,0.08945379329614771,0.0,0.0,0.711285548210144,0.07446318067303888
RandomForestClassifier,0.9459821428571429,0.004159158544192491,0.11499999999999999,0.2210054160428278,0.019999999999999997,0.03816496580927726,0.669937106918239,0.12229651494405151,0.03392857142857143,0.0647410906419691,0.28280827283859256,0.031057282883432173
LogisticRegression,0.9464285714285714,0.0,0.0,0.0,0.0,0.0,0.5856210691823899,0.11126974566484586,0.0,0.0,0.00999140501022339,0.00284465437638825
TabPFNClassifier,0.9464285714285714,0.0,0.0,0.0,0.0,0.0,0.7341745283018868,0.08991596343124258,0.0,0.0,0.7378076219558715,0.09918526511858783
