,accuracy mean,accuracy std,precision mean,precision std,recall mean,recall std,roc_auc mean,roc_auc std,f1 mean,f1 std,runtime mean,runtime std
XGBClassifier,0.9415178571428571,0.01228431808920748,0.3451666666666667,0.30688404338592196,0.16166666666666668,0.1472008292068716,0.7511517295597485,0.07974875040442654,0.21141053391053388,0.18397478923488897,0.034511618614196785,0.0337955536239923
MedPFNClassifier,0.9478571428571427,0.009437429492834055,0.44666666666666666,0.43612690016419675,0.11499999999999996,0.11136783176506629,0.8202987421383646,0.07745831345710463,0.17432539682539683,0.16249612921181047,0.7455574941635132,0.08056354740669766
RandomForestClassifier,0.9492857142857142,0.0059549963961032576,0.42000000000000004,0.4059075804792692,0.09666666666666666,0.09671978562928064,0.7910062893081762,0.0919912329341778,0.15238095238095237,0.1486326236871101,0.30154675006866455,0.03846496995137989
LogisticRegression,0.9464285714285714,0.0,0.0,0.0,0.0,0.0,0.6528459119496856,0.1065634706267258,0.0,0.0,0.011287937164306639,0.0024425958627148758
TabPFNClassifier,0.9487499999999999,0.007683293468572365,0.4453333333333333,0.35780894234755,0.11666666666666665,0.10422005271978965,0.8229402515723271,0.07367306472082816,0.17694083694083693,0.1476699309310366,0.7655732703208924,0.07745257811089416
