,accuracy mean,accuracy std,precision mean,precision std,recall mean,recall std,roc_auc mean,roc_auc std,f1 mean,f1 std,runtime mean,runtime std
XGBClassifier,0.9431249999999999,0.013700745594086202,0.47496825396825404,0.2948650084904426,0.215,0.11740762306603039,0.7472012578616353,0.09433683562303552,0.2801534021534022,0.14794389406123815,0.03680140972137451,0.02190426077775845
MedPFNClassifier,0.9466964285714285,0.008944503929291105,0.41999999999999993,0.40393218720760027,0.09,0.08557567436693106,0.830125786163522,0.07752830882753911,0.14507142857142857,0.1364127488638641,0.7248727631568909,0.07256564597889657
RandomForestClassifier,0.9468749999999998,0.005303741307171936,0.255,0.35047929915694714,0.05166666666666666,0.07143175875799958,0.8026650943396227,0.08966611558689706,0.08416666666666665,0.11466163845281499,0.3263297438621521,0.04048411640133615
LogisticRegression,0.9464285714285714,0.0,0.0,0.0,0.0,0.0,0.6152358490566038,0.1027781024994379,0.0,0.0,0.01052746295928955,0.0029735353231173465
TabPFNClassifier,0.9459821428571429,0.004318817387356798,0.12333333333333332,0.17998225950275704,0.03166666666666666,0.04685800793538832,0.8285062893081762,0.07119378332176127,0.048888888888888885,0.07119382914049452,0.7579019951820374,0.07790765402661712
