,accuracy mean,accuracy std,precision mean,precision std,recall mean,recall std,roc_auc mean,roc_auc std,f1 mean,f1 std,runtime mean,runtime std
XGBClassifier,0.9473214285714286,0.012627525743458101,0.5620119047619048,0.24830942187360305,0.2983333333333333,0.138332637436749,0.789693396226415,0.10008872169825285,0.3656366966366967,0.14318983011564973,0.036162664890289305,0.02215993229874698
MedPFNClassifier,0.9541071428571429,0.008771328031278416,0.6261666666666666,0.3225334070175582,0.23166666666666663,0.14531137533837318,0.8421226415094341,0.07704949847476561,0.32266305916305915,0.1823196316171476,0.7691026735305787,0.08958440357324673
RandomForestClassifier,0.9525,0.00928037706896458,0.5983333333333334,0.3781792590874121,0.18500000000000003,0.12863047423814516,0.8390644654088051,0.08477390984015475,0.27069841269841266,0.17653524245692853,0.28167337417602545,0.02781207182718226
LogisticRegression,0.9464285714285714,0.0,0.0,0.0,0.0,0.0,0.6667138364779873,0.08208153541399862,0.0,0.0,0.008695290088653563,0.0018989214604046508
TabPFNClassifier,0.9534821428571428,0.01046151786776615,0.6186666666666667,0.3858174250763039,0.21166666666666667,0.15372964115645077,0.8492767295597485,0.08347050375868162,0.30123448773448774,0.2045801014928271,0.7814117383956909,0.08351096889513247
