,accuracy mean,accuracy std,precision mean,precision std,recall mean,recall std,roc_auc mean,roc_auc std,f1 mean,f1 std,runtime mean,runtime std
XGBClassifier,0.9432142857142857,0.010475334610313665,0.41833333333333333,0.2674710302985851,0.16666666666666666,0.10444342219622522,0.7542688679245282,0.1084908645429052,0.2306349206349206,0.13842521018629336,0.04712777614593506,0.04373860793238034
MedPFNClassifier,0.9467857142857143,0.008028236556072524,0.38299999999999995,0.37235443008952057,0.10333333333333332,0.10401956048120853,0.8317452830188679,0.07041282454319298,0.15451082251082246,0.15048192680506878,0.7489410400390626,0.08421298271921725
RandomForestClassifier,0.9482142857142856,0.005705431921491858,0.3166666666666667,0.3663301985787751,0.06666666666666668,0.0785092396274468,0.7886792452830189,0.09384578174033163,0.10753968253968256,0.12526667685221599,0.30653273820877075,0.04222661662241163
LogisticRegression,0.9464285714285714,0.0,0.0,0.0,0.0,0.0,0.6562735849056603,0.10274485945194427,0.0,0.0,0.010866203308105471,0.002656415810137913
TabPFNClassifier,0.9484821428571429,0.007368285484835427,0.3783333333333333,0.37664048110798953,0.09,0.08874447613063381,0.8317610062893082,0.06786069415930221,0.14162698412698413,0.13869435226246654,0.7802043437957764,0.09382594425733369
