,accuracy mean,accuracy std,precision mean,precision std,recall mean,recall std,roc_auc mean,roc_auc std,f1 mean,f1 std,runtime mean,runtime std
XGBClassifier,0.9353571428571428,0.01077300371382426,0.1398333333333333,0.21028309263595718,0.065,0.09578450338132186,0.7067138364779875,0.08283205156509496,0.0851046176046176,0.1238346323619924,0.022198855876922607,0.00367374732101177
MedPFNClassifier,0.9458035714285712,0.0024067366721917385,0.05500000000000001,0.12500000000000006,0.01,0.023333333333333334,0.7916823899371069,0.0859937841405325,0.016785714285714286,0.03892857142857143,0.702620370388031,0.06378447534728812
RandomForestClassifier,0.9460714285714286,0.0034680258696007326,0.06499999999999999,0.16201562118716425,0.013333333333333332,0.03233854039572141,0.7181996855345911,0.11314420937459908,0.02178571428571429,0.05288686354035094,0.3553571343421936,0.03871273930521305
LogisticRegression,0.9464285714285714,0.0,0.0,0.0,0.0,0.0,0.6011320754716981,0.11052614079643279,0.0,0.0,0.008208138942718508,0.0027749245401285797
TabPFNClassifier,0.9463392857142857,0.0004808182863512956,0.01,0.030000000000000006,0.0016666666666666666,0.004999999999999999,0.7955188679245284,0.08605507238183854,0.002857142857142857,0.00857142857142857,0.738639450073242,0.07341765790974114
